Rk,Name,Age,Tm,Lg,G,PA,AB,R,H,2B,3B,HR,RBI,SB,CS,BB,SO,BA,OBP,SLG,OPS,OPS+,TB,GDP,HBP,SH,SF,IBB,Pos Summary
1,C.J. Abrams*\abramcj01,21,SDP,NL,20,65,55,9,10,2,0,1,4,1,1,4,14,0.182,0.27,0.273,0.543,60,15,3,3,2,1,0,6/49HD
2,Albert Abreu\abreual01,26,TOT,AL,1,0,0,0,0,0,0,0,0,0,0,0,0,,,,,,0,0,0,0,0,0,1
3,Albert Abreu\abreual01,26,KCR,AL,1,0,0,0,0,0,0,0,0,0,0,0,0,,,,,,0,0,0,0,0,0,/1
4,José Abreu\abreujo02,35,CHW,AL,59,261,224,34,61,14,0,9,30,0,0,33,42,0.272,0.372,0.455,0.827,137,102,6,3,0,1,0,*3D
5,Ronald Acuna Jr.\acunaro01,24,ATL,NL,35,161,134,24,38,8,0,6,16,11,3,18,43,0.284,0.385,0.478,0.863,137,64,1,6,0,3,1,9D/H
6,Willy Adames\adamewi01,26,MIL,NL,42,178,159,28,33,8,0,11,30,1,1,18,48,0.208,0.292,0.465,0.758,109,74,6,1,0,0,0,6/D
7,Riley Adams\adamsri03,26,WSN,NL,23,76,69,8,15,1,0,3,5,0,0,6,22,0.217,0.289,0.362,0.652,88,25,1,1,0,0,0,2/H3D
8,Jo Adell\adelljo01,23,LAA,AL,25,87,84,5,21,5,0,3,10,1,1,3,30,0.25,0.276,0.417,0.693,97,35,4,0,0,0,0,7/9H
9,Ehire Adrianza#\adriaeh01,32,WSN,NL,6,20,20,1,4,0,0,0,0,0,0,0,6,0.2,0.2,0.2,0.4,17,4,0,0,0,0,0,/57H4
10,Jesus Aguilar\aguilje01,32,MIA,NL,58,242,219,20,55,11,0,9,31,0,0,18,57,0.251,0.303,0.425,0.728,105,93,4,0,0,4,0,3D/5H
11,Nick Ahmed\ahmedni01,32,ARI,NL,17,54,52,7,12,2,0,3,7,0,1,2,15,0.231,0.259,0.442,0.702,96,23,2,0,0,0,0,6/HD
12,Hanser Alberto\alberha01,29,LAD,NL,32,64,63,7,15,3,0,1,4,0,0,1,9,0.238,0.25,0.333,0.583,61,21,3,0,0,0,0,4H/5D19
13,Ozzie Albies#\albieoz01,25,ATL,NL,62,263,242,34,59,15,0,8,33,3,5,15,46,0.244,0.289,0.405,0.694,89,98,0,2,0,4,0,*4/H
14,Sergio Alcantara#\alcanse01,25,TOT,NL,38,82,75,9,12,2,1,1,10,0,2,3,21,0.16,0.188,0.253,0.441,26,19,3,0,2,2,0,56/4H
15,Sergio Alcantara#\alcanse01,25,ARI,NL,23,57,53,6,10,2,1,1,7,0,0,1,13,0.189,0.2,0.321,0.521,46,17,3,0,2,1,0,5/6H4
16,Sergio Alcantara#\alcanse01,25,SDP,NL,15,25,22,3,2,0,0,0,3,0,2,2,8,0.091,0.16,0.091,0.251,-24,2,0,0,0,1,0,/645H
17,Jorge Alfaro\alfarjo01,29,SDP,NL,33,118,109,17,31,7,0,5,16,1,0,6,41,0.284,0.322,0.486,0.808,133,53,2,1,0,2,0,2/DH
18,Anthony Alford\alforan01,27,PIT,NL,2,4,4,0,1,0,0,0,0,0,0,0,2,0.25,0.25,0.25,0.5,44,1,0,0,0,0,0,/879
19,Austin Allen*\allenau01,28,OAK,AL,5,16,14,1,1,0,0,0,0,0,0,1,9,0.071,0.188,0.071,0.259,-19,1,1,1,0,0,0,/2D
20,Nick Allen\allenni02,23,OAK,AL,10,26,23,2,4,2,0,0,0,1,0,2,7,0.174,0.269,0.261,0.53,58,6,0,1,0,0,0,/46
21,Albert Almora\almoral01,28,CIN,NL,29,105,100,11,29,4,1,2,16,2,2,3,17,0.29,0.308,0.41,0.718,90,41,4,0,1,1,0,87/9DH
22,Pete Alonso\alonspe01,27,NYM,NL,63,273,236,41,67,9,0,18,59,2,1,25,56,0.284,0.363,0.551,0.913,159,130,5,7,0,5,6,*3D
23,Jose Altuve\altuvjo01,32,HOU,AL,48,211,190,31,52,11,0,12,23,3,1,18,38,0.274,0.346,0.521,0.867,147,99,6,3,0,0,0,*4
24,Eddy Alvarez*\alvared01,32,LAD,NL,6,9,9,0,2,0,0,0,1,0,0,0,2,0.222,0.222,0.222,0.444,24,2,0,0,0,0,0,/5HD
25,Yordan Álvarez*\alvaryo01,25,HOU,AL,57,241,205,39,64,8,2,17,45,0,1,31,38,0.312,0.407,0.62,1.026,192,127,5,3,0,2,2,D7
26,Brian Anderson\anderbr06,29,MIA,NL,32,123,105,21,28,9,0,2,6,1,0,16,34,0.267,0.374,0.41,0.784,124,43,0,2,0,0,1,5/79H
27,Tim Anderson\anderti01,29,CHW,AL,40,173,163,24,58,9,0,5,19,8,0,6,20,0.356,0.393,0.503,0.896,156,82,4,4,0,0,1,6
28,Elvis Andrus\andruel01,33,OAK,AL,59,215,197,23,45,16,0,3,11,3,1,17,31,0.228,0.293,0.355,0.648,91,70,6,1,0,0,0,*6/HD
29,Miguel Andujar\andujmi01,27,NYY,AL,12,43,41,4,11,2,0,0,3,3,0,1,7,0.268,0.279,0.317,0.596,73,13,0,0,0,1,0,7/DH
30,Aristides Aquino\aquinar01,28,CIN,NL,31,90,87,10,15,4,0,3,7,2,1,3,41,0.172,0.2,0.322,0.522,37,28,0,0,0,0,0,9/7H8
31,Jonathan Arauz#\arauzjo01,23,BOS,AL,6,12,10,1,0,0,0,0,1,0,0,0,3,0,0,0,0,-100,0,0,0,1,1,0,/46H
32,Orlando Arcia\arciaor01,27,ATL,NL,19,66,56,7,21,4,0,3,12,0,0,8,14,0.375,0.439,0.607,1.047,185,34,2,0,0,2,0,/D745H
33,Nolan Arenado\arenano01,31,STL,NL,61,257,229,28,62,14,0,11,41,0,2,25,31,0.271,0.342,0.476,0.818,135,109,6,1,0,2,1,*5/DH
34,Gabriel Arias\ariasga01,22,CLE,AL,2,8,8,2,1,0,0,0,1,0,0,0,3,0.125,0.125,0.125,0.25,-27,1,0,0,0,0,0,/45
35,Randy Arozarena\arozara01,27,TBR,AL,60,250,230,30,61,14,2,7,31,12,5,14,57,0.265,0.32,0.435,0.755,123,100,7,5,0,1,2,*7D/H
36,Luis Arraez*\arraelu01,25,MIN,AL,55,224,195,34,69,5,0,3,21,2,1,27,19,0.354,0.438,0.426,0.863,155,83,1,2,0,0,1,34/DH5
37,Christian Arroyo\arroych01,27,BOS,AL,34,98,91,10,17,3,0,3,10,3,0,3,17,0.187,0.227,0.319,0.545,50,29,1,2,1,1,0,9/64DH35
38,Willians Astudillo\astudwi01,30,MIA,NL,12,27,26,5,8,0,0,1,4,1,0,1,1,0.308,0.333,0.423,0.756,114,11,2,0,0,0,0,/54H31
39,Jose Azocar\azocajo01,26,SDP,NL,48,89,81,9,20,3,1,0,5,3,4,7,23,0.247,0.303,0.309,0.612,80,25,1,0,0,1,0,*9H7/8D
40,Akil Baddoo*\baddoak01,23,DET,AL,17,55,50,5,7,1,0,1,2,1,1,5,15,0.14,0.218,0.22,0.438,29,11,1,0,0,0,0,8/7H
41,Harrison Bader\baderha01,28,STL,NL,62,228,213,32,55,5,2,5,19,14,2,11,38,0.258,0.303,0.371,0.674,95,79,3,3,0,1,0,*8/H
42,Javier Baez\baezja01,29,DET,AL,50,203,191,13,36,10,0,3,16,1,0,9,53,0.188,0.232,0.288,0.519,51,55,6,2,0,1,0,*6/DH
43,Rylan Bannon\bannory01,26,BAL,AL,4,15,14,0,2,0,0,0,0,0,0,0,5,0.143,0.2,0.143,0.343,2,2,0,1,0,0,0,/5D
44,Daniel Bard\bardda01,37,COL,NL,1,0,0,0,0,0,0,0,0,0,0,0,0,,,,,,0,0,0,0,0,0,1
45,Joe Barlow\barlojo01,26,TEX,AL,1,0,0,0,0,0,0,0,0,0,0,0,0,,,,,,0,0,0,0,0,0,1
46,Scott Barlow\barlosc01,29,KCR,AL,2,0,0,0,0,0,0,0,0,0,0,0,0,,,,,,0,0,0,0,0,0,1
47,Austin Barnes\barneau01,32,LAD,NL,24,77,67,13,13,2,0,4,9,0,0,9,16,0.194,0.299,0.403,0.702,93,27,3,1,0,0,0,2/DH4
48,Tucker Barnhart*\barnhtu01,31,DET,AL,43,137,129,5,30,4,0,0,6,0,0,8,44,0.233,0.277,0.264,0.541,60,34,2,0,0,0,0,*2/1
49,Luis Barrera*\barrelu01,26,OAK,AL,29,77,69,3,15,4,0,1,7,3,0,6,14,0.217,0.286,0.319,0.605,79,22,2,1,0,1,0,79/H8
50,Joey Bart\bartjo01,25,SFG,NL,36,108,90,12,14,1,0,4,7,1,1,15,49,0.156,0.296,0.3,0.596,70,27,2,3,0,0,0,2/HD
51,Anthony Bass\bassan01,34,MIA,NL,1,0,0,0,0,0,0,0,0,0,0,0,0,,,,,,0,0,0,0,0,0,1/DH
52,Matt Beaty*\beatyma01,29,SDP,NL,17,40,37,6,4,1,1,0,1,0,0,2,6,0.108,0.175,0.189,0.364,7,7,3,1,0,0,0,/9H3D7
53,David Bednar*\bednada01,27,PIT,NL,1,0,0,0,0,0,0,0,0,0,0,0,0,,,,,,0,0,0,0,0,0,1
54,Seth Beer*\beerse01,25,ARI,NL,27,93,81,4,17,3,0,1,9,0,0,8,24,0.21,0.301,0.284,0.585,69,23,3,3,0,1,1,D/H3
55,Josh Bell#\belljo02,29,WSN,NL,64,268,231,32,67,10,1,7,38,0,1,28,35,0.29,0.368,0.433,0.801,132,100,12,3,0,4,1,*3
56,Cody Bellinger*\bellico01,26,LAD,NL,57,229,209,25,43,13,2,7,23,7,1,19,70,0.206,0.275,0.388,0.663,82,81,3,1,0,0,0,*8/H
57,Brandon Belt*\beltbr01,34,SFG,NL,28,125,104,15,24,2,1,5,12,1,0,17,33,0.231,0.352,0.413,0.765,116,43,6,3,0,1,0,3/DH
58,Anthony Bemboom*\bemboan01,32,BAL,AL,22,59,52,4,6,2,0,1,1,0,0,6,17,0.115,0.207,0.212,0.418,21,11,1,0,1,0,0,2/H
59,Andrew Benintendi*\beninan01,27,KCR,AL,61,253,226,23,68,11,2,2,22,0,0,24,37,0.301,0.368,0.394,0.761,119,89,5,1,0,2,0,*7/H
60,Jon Berti\bertijo01,32,MIA,NL,34,122,104,21,29,5,1,2,10,14,1,17,28,0.279,0.385,0.404,0.789,126,42,2,1,0,0,0,5/4H687D
61,Christian Bethancourt\bethach01,30,OAK,AL,43,135,127,20,33,10,0,4,15,4,0,6,28,0.26,0.299,0.433,0.732,114,55,3,1,1,0,0,32H/D1
62,Mookie Betts\bettsmo01,29,LAD,NL,60,275,245,53,67,13,0,17,40,6,1,27,47,0.273,0.349,0.535,0.884,142,131,3,2,0,1,0,*9/H
63,Bo Bichette\bichebo01,24,TOR,AL,62,279,262,35,68,15,0,10,33,4,3,17,65,0.26,0.305,0.431,0.736,108,113,3,0,0,0,0,*6
64,Phil Bickford\bickfph01,26,LAD,NL,1,0,0,0,0,0,0,0,0,0,0,0,0,,,,,,0,0,0,0,0,0,1
65,Cavan Biggio*\biggica01,27,TOR,AL,28,81,65,10,13,5,1,0,6,1,0,14,24,0.2,0.358,0.308,0.666,94,20,1,2,0,0,0,4/3H9D7
66,Charlie Blackmon*\blackch02,35,COL,NL,56,250,228,29,58,10,1,10,33,2,1,16,41,0.254,0.309,0.439,0.748,99,100,4,2,4,0,0,9D/H
67,Dairon Blanco\blancda02,29,KCR,AL,5,7,7,1,2,0,0,0,2,1,0,0,4,0.286,0.286,0.286,0.571,65,2,0,0,0,0,0,/8HD
68,Xander Bogaerts\bogaexa01,29,BOS,AL,61,257,227,39,76,19,0,6,30,3,0,23,50,0.335,0.401,0.498,0.899,149,113,5,4,0,3,1,*6/DH
69,Alec Bohm\bohmal01,25,PHI,NL,60,241,220,31,56,8,1,4,23,1,2,14,54,0.255,0.295,0.355,0.649,85,78,8,1,0,6,0,*5/HD3
70,Ronald Bolanos\bolanro01,25,KCR,AL,1,0,0,0,0,0,0,0,0,0,0,0,0,,,,,,0,0,0,0,0,0,/1
71,Bobby Bradley*\bradlbo01,26,CLE,AL,8,17,17,1,2,0,0,0,0,0,0,0,9,0.118,0.118,0.118,0.235,-32,2,0,0,0,0,0,/3H
72,Jackie Bradley Jr.*\bradlja02,32,BOS,AL,56,189,175,10,40,14,1,1,20,1,2,12,40,0.229,0.278,0.337,0.615,71,59,0,0,2,0,0,*98/H
73,Michael Brantley*\brantmi02,35,HOU,AL,55,238,207,23,62,12,1,4,21,1,1,28,24,0.3,0.384,0.425,0.809,135,88,0,1,1,1,2,D7
74,Rob Brantly*\brantro01,32,NYY,AL,1,3,3,0,1,1,0,0,0,0,0,0,0,0.333,0.333,0.667,1,181,2,0,0,0,0,0,/2
75,Alex Bregman\bregmal01,28,HOU,AL,61,257,215,30,46,14,0,6,28,0,0,36,33,0.214,0.331,0.363,0.694,101,78,5,3,0,3,0,*5/H
76,Jonah Bride\bridejo01,26,OAK,AL,2,6,6,0,2,0,0,0,0,0,0,0,0,0.333,0.333,0.333,0.667,99,2,0,0,0,0,0,/5
77,Mike Brosseau\brossmi01,28,MIL,NL,31,78,68,7,19,1,0,3,9,1,0,10,21,0.279,0.372,0.426,0.798,125,29,0,0,0,0,0,5/H61
78,Seth Brown*\brownse01,29,OAK,AL,60,204,186,18,38,11,2,8,31,6,0,16,57,0.204,0.27,0.414,0.684,99,77,3,1,0,1,1,37/H98D
79,Justin Bruihl*\bruihju01,25,LAD,NL,1,0,0,0,0,0,0,0,0,0,0,0,0,,,,,,0,0,0,0,0,0,1
80,Vidal Brujan#\brujavi01,24,TBR,AL,30,101,93,6,14,4,0,1,9,2,4,6,20,0.151,0.198,0.226,0.424,27,21,1,0,0,2,0,49/6H5D
81,Kris Bryant\bryankr01,30,COL,NL,17,73,63,11,17,4,0,0,4,0,0,7,15,0.27,0.342,0.333,0.676,84,21,1,1,0,2,0,7/D
82,Aaron Bummer*\bummeaa01,28,CHW,AL,1,0,0,0,0,0,0,0,0,0,0,0,0,,,,,,0,0,0,0,0,0,1
83,Jake Burger\burgeja01,26,CHW,AL,38,144,132,18,36,7,0,8,23,0,0,9,42,0.273,0.322,0.508,0.829,134,67,5,1,1,1,1,5/D4H
84,Byron Buxton\buxtoby01,28,MIN,AL,48,204,181,37,41,8,0,18,32,1,0,17,55,0.227,0.309,0.569,0.878,150,103,0,5,0,1,0,8D/H
85,Miguel Cabrera\cabremi01,39,DET,AL,53,204,190,14,55,6,0,3,21,0,0,11,55,0.289,0.328,0.368,0.697,104,70,5,1,0,2,2,*D/H
86,Lorenzo Cain\cainlo01,36,MIL,NL,42,153,142,17,25,5,0,1,9,2,2,8,35,0.176,0.229,0.232,0.461,31,33,4,2,0,1,0,8/H
87,Kole Calhoun*\calhoko01,34,TEX,AL,57,208,192,21,45,9,1,7,24,1,2,12,53,0.234,0.284,0.401,0.685,96,77,2,2,0,2,0,*9/HD78
88,Willie Calhoun*\calhowi01,27,TEX,AL,18,53,44,7,6,3,0,1,2,0,0,8,6,0.136,0.283,0.273,0.556,63,12,1,1,0,0,0,D/7H
89,Johan Camargo#\camarjo01,28,PHI,NL,44,143,130,8,32,3,0,3,15,0,0,12,30,0.246,0.31,0.338,0.648,86,44,1,0,1,0,0,65/4H3D
90,Daz Cameron\camerda01,25,DET,AL,18,61,56,5,13,3,1,1,8,2,0,4,18,0.232,0.295,0.375,0.67,95,21,1,1,0,0,0,9/8H
91,Luis Campusano\campulu01,23,SDP,NL,4,13,12,1,1,0,0,0,1,0,0,0,2,0.083,0.077,0.083,0.16,-53,1,1,0,0,1,0,/DH
92,Jeimer Candelario#\candeje01,28,DET,AL,52,195,182,20,33,6,2,5,17,0,0,11,47,0.181,0.236,0.319,0.555,60,58,6,2,0,0,0,*5/DH
93,Mark Canha\canhama01,33,NYM,NL,51,204,180,28,53,5,0,4,24,0,1,18,38,0.294,0.373,0.389,0.761,120,70,1,5,0,1,0,*7/98H3
94,Robinson Canó*\canoro01,39,TOT,NL,24,77,74,4,11,0,0,1,4,0,0,3,21,0.149,0.182,0.189,0.371,8,14,0,0,0,0,0,4/DH
95,Robinson Canó*\canoro01,39,NYM,NL,12,43,41,3,8,0,0,1,3,0,0,2,11,0.195,0.233,0.268,0.501,44,11,0,0,0,0,0,/4DH
96,Robinson Canó*\canoro01,39,SDP,NL,12,34,33,1,3,0,0,0,1,0,0,1,10,0.091,0.118,0.091,0.209,-38,3,0,0,0,0,0,/4HD
97,Vinny Capra\capravi01,25,TOR,AL,8,7,5,2,1,0,0,0,0,0,0,2,1,0.2,0.429,0.2,0.629,89,1,0,0,0,0,0,/HD479
98,Victor Caratini#\caratvi01,28,MIL,NL,29,102,86,11,21,3,0,4,11,0,0,12,19,0.244,0.353,0.419,0.772,117,36,3,3,0,1,0,2
99,Dylan Carlson#\carlsdy01,23,STL,NL,46,178,163,18,41,10,1,4,15,1,0,11,25,0.252,0.303,0.399,0.702,102,65,3,2,0,2,0,*9/8HD
100,Matt Carpenter*\carpema01,36,NYY,AL,11,34,28,10,8,1,0,6,13,0,0,5,9,0.286,0.412,0.964,1.376,283,27,0,1,0,0,0,/DH5
101,Curt Casali\casalcu01,33,SFG,NL,32,101,90,12,21,3,0,4,13,0,0,8,31,0.233,0.297,0.4,0.697,95,36,1,1,0,2,0,2/3D
102,Nick Castellanos\casteni01,30,PHI,NL,62,259,237,27,60,14,0,7,31,2,0,18,62,0.253,0.309,0.401,0.71,102,95,6,2,0,2,0,*9/D7H
103,Diego Castillo\castidi01,28,SEA,AL,2,0,0,0,0,0,0,0,0,0,0,0,0,,,,,,0,0,0,0,0,0,1
104,Diego Castillo\castidi02,24,PIT,NL,52,165,153,14,30,6,0,3,11,1,1,9,39,0.196,0.242,0.294,0.537,52,45,6,1,0,2,0,64/H9351
105,Harold Castro*\castrha01,28,DET,AL,42,142,137,15,41,8,1,4,16,0,0,3,26,0.299,0.312,0.46,0.772,122,63,3,0,1,1,0,56/3H7148D
106,Jason Castro*\castrja01,35,HOU,AL,29,72,62,4,6,2,0,0,1,0,0,8,32,0.097,0.208,0.129,0.337,1,8,1,1,0,1,0,2/H
107,Rodolfo Castro#\castrro01,23,PIT,NL,21,78,71,6,14,2,1,1,4,2,3,5,19,0.197,0.269,0.296,0.565,61,21,3,2,0,0,0,6/45
108,Willi Castro#\castrwi01,25,DET,AL,44,147,136,15,34,7,0,2,9,2,3,5,25,0.25,0.286,0.346,0.631,84,47,3,3,0,3,0,78/H65D9
109,Gilberto Celestino\celesgi01,23,MIN,AL,40,116,103,12,34,5,0,0,5,0,1,9,24,0.33,0.395,0.379,0.773,128,39,5,2,2,0,0,87/H9
110,Yu Chang\changyu01,26,TOT,MLB,14,39,36,2,5,1,0,1,2,0,1,2,19,0.139,0.205,0.25,0.455,30,9,1,1,0,0,0,/43DH5
111,Yu Chang\changyu01,26,CLE,AL,4,10,10,0,0,0,0,0,0,0,0,0,7,0,0,0,0,-100,0,0,0,0,0,0,/345H
112,Yu Chang\changyu01,26,PIT,NL,10,29,26,2,5,1,0,1,2,0,1,2,12,0.192,0.276,0.346,0.622,76,9,1,1,0,0,0,/43DH
113,Matt Chapman\chapmma01,29,TOR,AL,58,228,202,30,45,9,0,9,27,0,0,22,55,0.223,0.307,0.401,0.708,101,81,3,3,0,1,0,*5/H
114,Michael Chavis\chavimi01,26,PIT,NL,53,176,163,17,43,7,2,6,22,1,1,8,49,0.264,0.301,0.442,0.743,109,72,1,2,0,3,1,34H/5D
115,Robinson Chirinos\chiriro01,38,BAL,AL,37,124,108,6,16,6,0,2,11,0,0,13,38,0.148,0.25,0.259,0.509,48,28,1,2,0,1,0,2/H
116,Jazz Chisholm Jr.*\chishja01,24,MIA,NL,51,207,187,33,46,7,4,13,41,10,3,15,57,0.246,0.301,0.535,0.836,132,100,0,1,0,3,0,*4/H
117,Ji-Man Choi*\choiji01,31,TBR,AL,43,161,139,19,40,12,0,5,32,0,0,20,48,0.288,0.373,0.482,0.855,154,67,0,0,0,2,1,3/HD
118,Taylor Clarke\clarkta01,29,KCR,AL,3,0,0,0,0,0,0,0,0,0,0,0,0,,,,,,0,0,0,0,0,0,1
119,Kody Clemens*\clemeko01,26,DET,AL,12,28,26,3,2,0,0,0,0,0,0,2,7,0.077,0.143,0.077,0.22,-33,2,0,0,0,0,0,/7H4D351
120,Ernie Clement\clemeer01,26,CLE,AL,36,97,87,10,18,3,0,0,4,0,1,7,15,0.207,0.281,0.241,0.523,53,21,1,2,1,0,0,54H/7D3
121,Dylan Coleman\colemdy01,25,KCR,AL,2,0,0,0,0,0,0,0,0,0,0,0,0,,,,,,0,0,0,0,0,0,1
122,Zack Collins*\colliza01,27,TOR,AL,22,73,66,7,14,4,0,4,10,0,0,6,29,0.212,0.288,0.455,0.742,108,30,0,1,0,0,0,D2/H
123,Mark Contreras*\contrma01,27,MIN,AL,3,7,6,1,0,0,0,0,2,0,0,0,3,0,0,0,0,-100,0,0,0,0,1,0,/87H
124,William Contreras\contrwi02,24,ATL,NL,28,106,94,18,27,7,0,9,17,1,0,12,31,0.287,0.368,0.649,1.017,174,61,1,0,0,0,0,2/D7H
125,Willson Contreras\contrwi01,30,CHC,NL,53,226,188,38,52,12,1,12,26,2,1,25,43,0.277,0.398,0.543,0.941,161,102,8,13,0,0,0,2D/H
126,Garrett Cooper\coopega03,31,MIA,NL,54,220,193,21,60,15,1,4,28,0,0,18,51,0.311,0.382,0.461,0.843,140,89,1,6,0,3,0,3D/H
127,Franchy Cordero*\cordefr02,27,BOS,AL,39,132,116,20,25,7,1,3,18,1,0,13,35,0.216,0.295,0.371,0.666,84,43,0,1,0,2,0,39/7HD
128,Carlos Correa\correca01,27,MIN,AL,42,186,168,23,51,11,0,5,20,0,0,17,44,0.304,0.371,0.458,0.829,141,77,7,1,0,0,0,6/DH
129,Brandon Crawford*\crawfbr01,35,SFG,NL,57,224,198,25,44,7,2,5,27,1,1,21,44,0.222,0.313,0.354,0.666,88,70,7,5,0,0,2,*6/H
130,J.P. Crawford*\crawfjp01,27,SEA,AL,58,246,212,28,63,12,1,5,15,3,1,28,37,0.297,0.386,0.434,0.82,142,92,2,4,0,2,0,*6
131,C.J. Cron\croncj01,32,COL,NL,63,269,246,36,71,14,2,14,43,0,0,16,73,0.289,0.34,0.533,0.872,131,131,10,4,0,2,2,*3/DH
132,Jake Cronenworth*\croneja01,28,SDP,NL,63,284,245,39,60,15,2,6,39,0,0,27,59,0.245,0.331,0.396,0.727,112,97,1,6,0,3,1,*4/36D
133,Nelson Cruz\cruzne02,41,WSN,NL,59,248,219,29,57,9,0,7,36,2,0,25,50,0.26,0.337,0.397,0.735,113,87,8,1,0,1,1,*D
134,Charlie Culberson\culbech01,33,TEX,AL,33,63,57,11,13,1,0,0,6,2,2,3,17,0.228,0.267,0.246,0.512,50,14,1,0,3,0,0,5/H74D1
135,Travis d'Arnaud\darnatr01,33,ATL,NL,42,174,164,25,43,10,0,8,28,0,0,5,36,0.262,0.305,0.47,0.774,110,77,5,5,0,0,0,*2
136,Bobby Dalbec\dalbebo01,27,BOS,AL,57,180,161,20,32,5,1,5,16,1,0,14,50,0.199,0.272,0.335,0.608,68,54,2,3,0,2,0,*3/5H4D
137,Matt Davidson\davidma02,31,TOT,MLB,11,32,29,3,5,0,0,2,3,0,1,3,11,0.172,0.25,0.379,0.629,81,11,0,0,0,0,0,/5DH3
138,Matt Davidson\davidma02,31,ARI,NL,5,13,10,1,1,0,0,1,1,0,0,3,3,0.1,0.308,0.4,0.708,101,4,0,0,0,0,0,/5DH
139,Matt Davidson\davidma02,31,OAK,AL,6,19,19,2,4,0,0,1,2,0,1,0,8,0.211,0.211,0.368,0.579,67,7,0,0,0,0,0,/53DH
140,J.D. Davis\davisjd01,29,NYM,NL,41,137,119,18,31,6,1,2,13,1,1,13,38,0.261,0.343,0.378,0.721,108,45,6,3,0,2,0,D5/H3
141,Jaylin Davis\davisja03,27,BOS,AL,2,4,4,0,2,0,0,0,0,0,0,0,2,0.5,0.5,0.5,1,180,2,0,0,0,0,0,/7H
142,Ronnie Dawson*\dawsoro01,27,CIN,NL,1,3,3,0,0,0,0,0,0,0,0,0,2,0,0,0,0,-100,0,0,0,0,0,0,/D
143,Yonathan Daza\dazayo01,28,COL,NL,50,167,151,21,51,6,1,0,16,0,3,11,20,0.338,0.389,0.391,0.78,112,59,3,3,0,2,0,*8/7H
144,Bryan De La Cruz\delacbr01,25,MIA,NL,46,118,108,12,23,4,0,2,12,1,0,8,28,0.213,0.271,0.306,0.577,65,33,2,1,0,1,0,879/HD
145,Paul DeJong\dejonpa01,28,STL,NL,24,86,77,6,10,3,0,1,7,3,0,7,25,0.13,0.209,0.208,0.417,22,16,1,1,0,1,0,6
146,Jason Delay\delayja01,27,PIT,NL,1,3,2,0,0,0,0,0,0,0,0,1,0,0,0.333,0,0.333,6,0,1,0,0,0,0,/2
147,Travis Demeritte\demertr01,27,ATL,NL,26,96,89,9,19,2,0,3,6,0,0,6,32,0.213,0.26,0.337,0.597,64,30,2,0,0,1,0,9/7H
148,Rafael Devers*\deverra01,25,BOS,AL,62,273,256,52,85,23,1,16,40,1,0,16,49,0.332,0.374,0.617,0.991,170,158,5,1,0,0,2,*5/DH
149,Aledmys Díaz\diazal02,31,HOU,AL,37,123,115,10,25,1,0,3,14,0,1,7,24,0.217,0.268,0.304,0.573,66,35,3,1,0,0,0,64/H537D9
150,Edwin Díaz\diazed04,28,NYM,NL,1,0,0,0,0,0,0,0,0,0,0,0,0,,,,,,0,0,0,0,0,0,1
151,Elias Diaz\diazel01,31,COL,NL,45,159,146,11,30,6,0,2,12,0,0,11,33,0.205,0.258,0.288,0.546,47,42,5,0,0,2,0,*2/H
152,Yandy Díaz\diazya01,30,TBR,AL,54,216,178,24,48,6,0,3,14,1,3,35,24,0.27,0.398,0.354,0.752,128,63,4,3,0,0,0,53/H
153,Alex Dickerson*\dickeal01,32,ATL,NL,13,36,33,3,4,0,0,1,2,0,0,3,9,0.121,0.194,0.212,0.407,12,7,3,0,0,0,0,D/H9
154,Corey Dickerson*\dickeco01,33,STL,NL,38,106,98,11,19,3,0,2,11,0,0,6,20,0.194,0.245,0.286,0.531,54,28,1,1,0,1,1,D7/H9
155,Josh Donaldson\donaljo02,36,NYY,AL,46,194,165,19,38,11,0,5,18,1,1,24,46,0.23,0.33,0.388,0.718,108,64,5,2,0,3,0,5D/H
156,Brendan Donovan*\donovbr01,25,STL,NL,44,154,129,22,44,13,0,1,20,2,1,21,20,0.341,0.448,0.465,0.913,166,60,3,4,0,0,1,954/36HD7
157,Hunter Dozier\doziehu01,30,KCR,AL,55,220,203,25,53,11,2,6,21,1,2,15,50,0.261,0.318,0.424,0.742,110,86,3,2,0,0,0,39D/7H5
158,Brandon Drury\drurybr01,29,CIN,NL,54,222,200,41,54,11,0,13,34,1,2,18,49,0.27,0.338,0.52,0.858,125,104,4,3,0,1,0,54/D3H6
159,Mauricio Dubon\dubonma01,27,TOT,MLB,35,85,78,13,17,3,0,2,10,1,0,3,5,0.218,0.238,0.333,0.571,61,26,1,0,1,3,0,8/H645D
160,Mauricio Dubon\dubonma01,27,SFG,NL,21,49,46,10,11,1,0,2,8,0,0,1,4,0.239,0.245,0.391,0.636,76,18,0,0,0,2,0,8/H654D
161,Mauricio Dubon\dubonma01,27,HOU,AL,14,36,32,3,6,2,0,0,2,1,0,2,1,0.188,0.229,0.25,0.479,39,8,1,0,1,1,0,/84H6
162,Matt Duffy\duffyma01,31,LAA,AL,35,108,100,6,30,3,0,0,5,0,0,8,21,0.3,0.352,0.33,0.682,99,33,1,0,0,0,0,45/3H
163,Steven Duggar*\duggast01,28,SFG,NL,12,39,36,2,7,3,0,0,4,4,0,2,16,0.194,0.231,0.278,0.509,43,10,0,0,0,1,0,8/7
164,Joe Dunand\dunanjo01,26,MIA,NL,3,11,10,2,3,1,0,1,1,0,0,0,3,0.3,0.364,0.7,1.064,195,7,0,1,0,0,0,/45
165,Ezequiel Duran\duranez01,23,TEX,AL,11,44,43,8,14,3,0,2,5,2,1,1,13,0.326,0.341,0.535,0.876,149,23,1,0,0,0,0,/54
166,Jarren Duran*\duranja01,25,BOS,AL,4,19,17,3,4,0,1,0,0,0,0,1,7,0.235,0.316,0.353,0.669,86,6,0,1,0,0,0,/8D9
167,Adam Duvall\duvalad01,33,ATL,NL,62,236,214,30,44,10,1,7,25,0,0,18,74,0.206,0.271,0.36,0.631,73,77,1,2,0,2,0,*87/9H
168,Tommy Edman#\edmanto01,27,STL,NL,63,276,246,52,70,9,3,7,26,15,2,26,45,0.285,0.36,0.431,0.791,129,106,4,3,1,0,0,*46/8
169,Drew Ellis\ellisdr01,26,ARI,NL,6,14,13,2,2,1,0,0,1,0,0,1,6,0.154,0.214,0.231,0.445,28,3,0,0,0,0,0,/5
170,Adam Engel\engelad01,30,CHW,AL,52,143,133,17,30,10,1,1,8,7,1,8,39,0.226,0.28,0.338,0.618,77,45,1,2,0,0,0,*98H/D
171,Alcides Escobar\escobal02,35,WSN,NL,35,125,118,11,26,4,2,0,8,1,1,5,30,0.22,0.264,0.288,0.552,61,34,1,2,0,0,0,6/H
172,Eduardo Escobar#\escobed01,33,NYM,NL,60,256,229,29,54,16,3,5,25,0,1,23,63,0.236,0.301,0.397,0.698,99,91,1,0,0,4,0,*5/D4
173,Santiago Espinal\espinsa01,27,TOR,AL,62,237,215,25,64,18,0,5,31,3,2,18,39,0.298,0.35,0.451,0.801,128,97,6,1,0,3,1,*4/5H6
174,Thairo Estrada\estrath01,26,SFG,NL,59,225,205,34,55,12,1,4,26,9,1,14,31,0.268,0.32,0.395,0.715,101,81,5,3,0,3,0,*4/H7586
175,Stuart Fairchild\faircst01,26,TOT,MLB,8,11,11,1,0,0,0,0,0,0,0,0,5,0,0,0,0,-100,0,0,0,0,0,0,/87H
176,Stuart Fairchild\faircst01,26,SEA,AL,3,3,3,0,0,0,0,0,0,0,0,0,2,0,0,0,0,-100,0,0,0,0,0,0,/7H
177,Stuart Fairchild\faircst01,26,SFG,NL,5,8,8,1,0,0,0,0,0,0,0,0,3,0,0,0,0,-100,0,0,0,0,0,0,/8
178,Kyle Farmer\farmeky01,31,CIN,NL,54,214,191,23,54,14,0,5,37,4,1,13,31,0.283,0.343,0.435,0.777,107,83,8,6,1,3,0,*6
179,David Fletcher\fletcda02,28,LAA,AL,14,41,38,2,6,2,1,0,2,0,0,3,2,0.158,0.22,0.263,0.483,39,10,2,0,0,0,0,/64H
180,Wilmer Flores\florewi01,30,SFG,NL,57,234,207,32,50,12,0,7,34,0,0,20,36,0.242,0.316,0.401,0.717,101,83,3,4,0,3,1,53D/4H
181,Estevan Florial*\flories01,24,NYY,AL,4,12,11,0,0,0,0,0,0,1,0,1,4,0,0.083,0,0.083,-73,0,0,0,0,0,0,/8DH
182,Mike Ford*\fordmi01,29,TOT,MLB,17,42,33,1,6,1,0,0,5,0,0,8,12,0.182,0.357,0.212,0.569,73,7,0,1,0,0,0,D/H3
183,Mike Ford*\fordmi01,29,SFG,NL,1,4,4,0,1,0,0,0,2,0,0,0,0,0.25,0.25,0.25,0.5,42,1,0,0,0,0,0,/3
184,Mike Ford*\fordmi01,29,SEA,AL,16,38,29,1,5,1,0,0,3,0,0,8,12,0.172,0.368,0.207,0.575,76,6,0,1,0,0,0,D/H3
185,Nick Fortes\forteni01,25,MIA,NL,9,30,24,12,8,1,0,2,6,1,0,4,3,0.333,0.467,0.625,1.092,208,15,0,2,0,0,0,/2HD
186,Matt Foster\fostema01,27,CHW,AL,1,0,0,0,0,0,0,0,0,0,0,0,0,,,,,,0,0,0,0,0,0,1
187,Lucius Fox#\foxlu01,24,WSN,NL,10,28,25,2,2,0,0,0,2,1,0,1,9,0.08,0.115,0.08,0.195,-42,2,1,0,2,0,0,/65H
188,Jake Fraley*\fraleja01,27,CIN,NL,15,48,43,5,5,2,0,1,3,1,0,4,12,0.116,0.208,0.233,0.441,18,10,0,1,0,0,0,/89DH7
189,Ty France\francty01,27,SEA,AL,63,283,249,29,79,12,0,10,41,0,0,18,40,0.317,0.394,0.486,0.88,158,121,4,14,0,1,1,*3/D
190,Maikel Franco\francma02,29,WSN,NL,64,255,245,20,63,15,0,5,28,0,0,8,50,0.257,0.278,0.38,0.658,89,93,13,0,0,2,0,*5/3H
191,Wander Franco#\francwa01,21,TBR,AL,45,190,178,27,48,11,2,4,19,4,0,10,20,0.27,0.305,0.421,0.727,115,75,3,0,0,2,1,6/DH
192,Adam Frazier*\fraziad01,30,SEA,AL,62,270,242,26,55,12,1,2,20,2,3,24,31,0.227,0.297,0.31,0.607,80,75,6,1,1,2,1,*49/D7H
193,Clint Frazier\frazicl01,27,CHC,NL,19,45,37,4,8,3,0,0,1,1,0,7,11,0.216,0.356,0.297,0.653,86,11,1,1,0,0,0,/DH79
194,Freddie Freeman*\freemfr01,32,LAD,NL,62,277,241,40,69,21,1,5,34,6,0,32,43,0.286,0.372,0.444,0.816,126,107,3,2,0,2,3,*3
195,TJ Friedl*\friedtj01,26,CIN,NL,27,99,89,13,18,4,2,0,7,5,0,5,18,0.202,0.253,0.292,0.545,46,26,2,2,0,3,0,89/H7
196,Cam Gallagher\gallaca01,29,KCR,AL,8,18,16,1,5,2,0,0,2,0,0,1,4,0.313,0.353,0.438,0.79,125,7,0,0,1,0,0,/2
197,Joey Gallo*\gallojo01,28,NYY,AL,51,179,156,20,29,3,0,8,15,1,0,23,68,0.186,0.291,0.359,0.649,87,56,0,0,0,0,0,*79/HD
198,Ben Gamel*\gamelbe01,30,PIT,NL,45,160,140,20,36,7,1,3,17,3,1,20,37,0.257,0.35,0.386,0.736,110,54,0,0,0,0,0,7/H9D8
199,Adolis García\garciad02,29,TEX,AL,60,256,238,35,59,10,2,12,41,10,2,14,71,0.248,0.293,0.458,0.751,114,109,1,2,0,2,1,*89/D
200,Aramis Garcia\garciar01,29,CIN,NL,31,78,75,5,11,1,0,1,1,0,0,2,22,0.147,0.169,0.2,0.369,-2,15,4,0,1,0,0,2/3DH
201,Avisail Garcia\garciav01,31,MIA,NL,51,205,192,19,43,5,0,4,16,3,0,8,59,0.224,0.263,0.313,0.576,64,60,5,3,0,2,0,*9/DH
202,Leury Garcia#\garcile02,31,CHW,AL,46,163,156,18,31,5,0,2,12,1,0,2,36,0.199,0.21,0.269,0.479,37,42,3,1,1,3,0,4/96H7D
203,Luis Garcia*\garcilu04,22,WSN,NL,14,57,54,6,19,3,0,2,9,0,2,1,10,0.352,0.368,0.519,0.887,154,28,0,1,0,1,0,6
204,Kyle Garlick\garliky01,30,MIN,AL,28,68,60,11,15,1,0,6,14,0,0,6,13,0.25,0.324,0.567,0.89,154,34,2,1,0,1,0,7/H9D
205,Dustin Garneau\garnedu01,34,DET,AL,8,11,10,1,3,1,0,0,1,0,0,1,4,0.3,0.364,0.4,0.764,124,4,0,0,0,0,0,/2H
206,Mitch Garver\garvemi01,31,TEX,AL,39,159,141,15,29,6,0,7,16,1,1,15,41,0.206,0.283,0.397,0.68,95,56,3,1,0,2,0,D2/H
207,Lucas Gilbreath*\gilbrlu01,26,COL,NL,1,0,0,0,0,0,0,0,0,0,0,0,0,,,,,,0,0,0,0,0,0,1
208,Andres Gimenez*\gimenan01,23,CLE,AL,49,170,159,21,48,9,2,7,31,4,1,7,38,0.302,0.337,0.516,0.853,142,82,4,2,1,1,1,46/H
209,Jose Godoy*\godoyjo01,27,MIN,AL,2,5,3,2,0,0,0,0,0,0,0,2,2,0,0.4,0,0.4,31,0,0,0,0,0,0,/2
210,Paul Goldschmidt\goldspa01,34,STL,NL,62,274,236,47,82,21,0,16,56,3,0,35,50,0.347,0.43,0.64,1.07,206,151,3,0,0,1,1,*3/D
211,Yan Gomes\gomesya01,34,CHC,NL,29,93,91,8,23,4,0,3,8,0,0,2,19,0.253,0.269,0.396,0.664,84,36,3,0,0,0,0,2/DH
212,Erik Gonzalez\gonzaer01,30,MIA,NL,12,35,31,4,6,0,0,0,3,1,0,4,10,0.194,0.286,0.194,0.479,41,6,1,0,0,0,0,/654
213,Luis Gonzalez*\gonzalu03,26,SFG,NL,44,157,139,16,42,11,0,2,21,5,2,13,30,0.302,0.363,0.424,0.788,122,59,2,2,0,3,0,97/81HD
214,Marwin Gonzalez#\gonzama01,33,NYY,AL,31,74,67,7,15,5,0,0,4,0,0,5,20,0.224,0.284,0.299,0.582,69,20,2,1,0,1,0,/5679H3D
215,Oscar Gonzalez\gonzaos01,24,CLE,AL,18,75,72,7,26,9,0,0,7,0,0,2,11,0.361,0.373,0.486,0.859,146,35,0,0,0,1,0,9/D
216,Niko Goodrum#\goodrni01,30,HOU,AL,15,45,43,2,5,2,0,0,1,1,0,2,23,0.116,0.156,0.163,0.318,-7,7,0,0,0,0,0,4/3DH
217,Nick Gordon*\gordoni01,26,MIN,AL,48,144,134,15,34,6,3,1,8,3,2,6,34,0.254,0.296,0.366,0.661,92,49,2,2,2,0,0,78/6H4D1
218,Nolan Gorman*\gormano01,22,STL,NL,24,88,79,13,21,4,0,3,12,0,0,7,28,0.266,0.341,0.43,0.771,123,34,1,2,0,0,0,4/DH
219,Yasmani Grandal#\grandya01,33,CHW,AL,50,201,173,6,32,3,0,2,15,1,0,27,45,0.185,0.294,0.237,0.531,55,41,4,0,0,1,1,2D/3H
220,Kendall Graveman\graveke01,31,CHW,AL,1,0,0,0,0,0,0,0,0,0,0,0,0,,,,,,0,0,0,0,0,0,1
221,Didi Gregorius*\gregodi01,32,PHI,NL,27,100,91,9,27,7,2,0,10,0,0,5,15,0.297,0.35,0.418,0.768,119,38,0,3,0,1,0,6/H
222,Grayson Greiner\greingr01,29,ARI,NL,2,8,6,0,1,0,0,0,0,0,0,2,3,0.167,0.375,0.167,0.542,63,1,0,0,0,0,0,/2
223,Randal Grichuk\grichra01,30,COL,NL,52,203,189,23,48,6,0,5,27,2,0,10,56,0.254,0.296,0.365,0.661,77,69,4,2,0,2,0,*98/D1H
224,Justin Grimm\grimmju01,33,OAK,AL,1,0,0,0,0,0,0,0,0,0,0,0,0,,,,,,0,0,0,0,0,0,1
225,Trent Grisham*\grishtr01,25,SDP,NL,62,242,206,23,39,10,2,4,24,1,0,27,63,0.189,0.288,0.316,0.604,77,65,2,2,6,1,0,*8/H
226,Robbie Grossman#\grossro01,32,DET,AL,47,182,156,13,31,6,0,0,10,2,0,21,55,0.199,0.302,0.237,0.539,61,37,2,3,0,2,0,*97/DH
227,Vladimir Guerrero Jr.\guerrvl02,23,TOR,AL,61,262,229,34,62,7,0,16,39,0,1,27,44,0.271,0.355,0.511,0.866,144,117,11,4,0,2,4,*3D/H
228,Luis Guillorme*\guilllu01,27,NYM,NL,43,137,117,20,37,5,0,1,6,1,0,18,16,0.316,0.407,0.385,0.792,130,45,8,0,2,0,0,4/56HD
229,Lourdes Gurriel Jr.\gurrilo01,28,TOR,AL,57,222,202,21,57,15,0,3,25,2,1,15,41,0.282,0.338,0.401,0.739,111,81,3,3,0,2,0,*7/D3H
230,Yuli Gurriel\gourryu01,38,HOU,AL,57,227,211,20,46,19,0,4,17,3,0,13,32,0.218,0.269,0.365,0.634,82,77,6,2,0,1,0,*3/H
231,Kelvin Gutierrez\gutieke01,27,BAL,AL,12,33,28,2,4,1,0,0,3,1,0,4,8,0.143,0.25,0.179,0.429,27,5,1,0,0,0,0,5/HD
232,Eric Haase\haaseer01,29,DET,AL,34,97,90,9,16,2,1,2,6,0,0,7,23,0.178,0.237,0.289,0.526,53,26,4,0,0,0,0,2H/7D
233,Jake Hager\hagerja01,29,ARI,NL,16,35,28,2,4,1,0,0,2,0,0,6,12,0.143,0.294,0.179,0.473,40,5,0,0,1,0,0,/4561DH
234,Sam Haggerty#\haggesa01,28,SEA,AL,12,16,14,2,3,1,0,0,1,1,0,0,3,0.214,0.313,0.286,0.598,79,4,0,2,0,0,0,/HD749
235,Garrett Hampson\hampsga01,27,COL,NL,29,83,72,14,17,2,1,2,9,2,1,9,21,0.236,0.321,0.375,0.696,87,27,2,0,2,0,0,6/84H5D
236,Mitch Haniger\hanigmi01,31,SEA,AL,9,36,35,3,7,1,0,3,7,0,0,1,9,0.2,0.222,0.486,0.708,101,17,2,0,0,0,0,/9D
237,Ian Happ#\happia01,27,CHC,NL,60,243,205,30,58,12,2,7,30,5,1,34,48,0.283,0.383,0.463,0.846,136,95,5,1,0,3,3,*7/H8D
238,Bryce Harper*\harpebr03,29,PHI,NL,57,250,221,44,70,20,1,15,46,7,2,23,48,0.317,0.38,0.62,1,181,137,9,2,0,4,4,*D/9
239,Michael Harris*\harrimi04,21,ATL,NL,18,70,67,12,22,6,1,2,11,2,0,3,15,0.328,0.357,0.537,0.894,143,36,0,0,0,0,0,8
240,Josh Harrison\harrijo05,34,CHW,AL,41,135,121,19,24,8,2,0,6,1,0,5,19,0.198,0.269,0.298,0.566,63,36,5,7,1,1,0,4/5HD71
241,Adam Haseley*\haselad01,26,CHW,AL,5,12,10,0,2,0,0,0,0,0,0,2,2,0.2,0.333,0.2,0.533,59,2,0,0,0,0,0,/8D7H9
242,Ke'Bryan Hayes\hayeske01,25,PIT,NL,57,242,213,26,58,14,1,2,22,7,3,26,53,0.272,0.355,0.376,0.731,109,80,3,2,0,1,0,*5/6
243,Austin Hays\haysau01,26,BAL,AL,59,246,223,31,65,15,0,8,36,1,3,18,40,0.291,0.354,0.466,0.82,135,104,5,4,0,1,0,*79/DH8
244,Austin Hedges\hedgeau01,29,CLE,AL,41,136,124,11,21,1,0,4,12,1,0,8,32,0.169,0.226,0.274,0.5,44,34,4,1,3,0,0,2
245,Jonah Heim#\heimjo01,27,TEX,AL,44,161,148,20,36,8,0,7,22,2,0,12,31,0.243,0.298,0.439,0.737,110,65,3,0,0,1,0,2/HD
246,Tyler Heineman#\heinety01,31,TOT,MLB,26,69,61,9,10,3,0,0,2,1,0,4,9,0.164,0.227,0.213,0.44,27,13,1,1,3,0,0,2/HD
247,Tyler Heineman#\heinety01,31,TOR,AL,10,16,15,2,4,2,0,0,1,0,0,0,4,0.267,0.267,0.4,0.667,88,6,1,0,1,0,0,/2DH
248,Tyler Heineman#\heinety01,31,PIT,NL,16,53,46,7,6,1,0,0,1,1,0,4,5,0.13,0.216,0.152,0.368,8,7,0,1,2,0,0,2/H
249,Liam Hendriks\hendrli01,33,CHW,AL,1,0,0,0,0,0,0,0,0,0,0,0,0,,,,,,0,0,0,0,0,0,1
250,Ryan Hendrix\hendrry01,27,CIN,NL,1,0,0,0,0,0,0,0,0,0,0,0,0,,,,,,0,0,0,0,0,0,/1
251,Payton Henry\henrypa01,25,MIA,NL,15,35,28,2,4,0,0,0,4,0,0,5,8,0.143,0.314,0.143,0.457,37,4,0,2,0,0,0,2/H
252,Guillermo Heredia\heredgu01,31,ATL,NL,33,56,51,8,7,2,1,3,6,0,0,5,25,0.137,0.214,0.392,0.606,63,20,1,0,0,0,0,79/H8D
253,Michael Hermosillo\hermomi01,27,CHC,NL,17,35,28,2,2,1,0,0,2,0,0,4,14,0.071,0.257,0.107,0.364,8,3,0,3,0,0,0,8/H97
254,Cesar Hernandez#\hernace02,32,WSN,NL,64,289,268,37,72,14,1,0,16,2,2,17,55,0.269,0.316,0.328,0.644,88,88,5,2,1,1,0,*4
255,Enrique Hernandez\hernaen02,30,BOS,AL,51,238,215,27,45,16,0,4,24,0,1,18,38,0.209,0.273,0.34,0.613,70,73,5,2,0,3,0,*8/6
256,Teoscar Hernandez\hernate01,29,TOR,AL,38,159,147,16,37,9,1,4,20,3,2,10,39,0.252,0.308,0.408,0.716,103,60,3,2,0,0,0,9/D7H
257,Yadiel Hernández*\hernaya01,34,WSN,NL,47,177,165,16,43,9,0,4,24,2,1,11,44,0.261,0.305,0.388,0.693,100,64,5,0,0,1,0,7/DH
258,Yonny Hernandez#\hernayo02,24,ARI,NL,12,28,24,2,2,0,0,0,0,2,0,2,4,0.083,0.154,0.083,0.237,-29,2,0,0,2,0,0,5/4H
259,Ivan Herrera\herreiv01,22,STL,NL,1,0,0,0,0,0,0,0,0,0,0,0,0,,,,,,0,0,0,0,0,0,/2
260,Jose Herrera#\herrejo04,25,ARI,NL,30,80,73,6,13,2,0,0,3,0,0,6,24,0.178,0.241,0.205,0.446,30,15,0,0,1,0,0,2/DH
261,Odubel Herrera*\herreod01,30,PHI,NL,40,127,119,16,33,9,1,5,15,2,0,7,27,0.277,0.315,0.496,0.811,128,59,2,0,0,1,0,8/7H9
262,Jason Heyward*\heywaja01,32,CHC,NL,39,120,109,13,23,4,1,1,9,1,0,10,27,0.211,0.283,0.294,0.577,63,32,3,1,0,0,0,89/H
263,Brewer Hicklen\hicklbr01,26,KCR,AL,2,2,2,0,0,0,0,0,0,0,0,0,2,0,0,0,0,-100,0,0,0,0,0,0,/89
264,Aaron Hicks#\hicksaa01,32,NYY,AL,53,190,158,21,35,1,0,2,11,6,2,27,41,0.222,0.344,0.266,0.61,81,42,2,3,1,1,2,*87/H
265,Kyle Higashioka\higasky01,32,NYY,AL,36,107,96,12,17,4,0,3,10,0,0,6,23,0.177,0.229,0.313,0.541,55,30,1,1,2,2,0,2/H
266,P.J. Higgins\higgipj01,29,CHC,NL,17,51,44,6,13,2,1,2,9,0,0,5,9,0.295,0.38,0.523,0.903,150,23,0,1,1,0,0,2/35HD
267,Derek Hill\hillde01,26,DET,AL,31,92,83,8,19,2,0,1,3,3,0,5,28,0.229,0.27,0.289,0.559,64,24,0,0,3,1,0,8/H
268,Sam Hilliard*\hillisa01,28,COL,NL,41,126,112,13,18,4,1,2,12,2,1,12,34,0.161,0.238,0.268,0.506,36,30,2,0,0,2,0,78/H9
269,Keston Hiura\hiurake01,25,MIL,NL,31,100,85,12,17,1,0,5,13,2,1,11,47,0.2,0.32,0.388,0.708,99,33,0,4,0,0,0,3/4DH7
270,Nico Hoerner\hoernni01,25,CHC,NL,47,168,162,14,45,5,3,3,17,6,1,4,18,0.278,0.304,0.401,0.705,96,65,2,2,0,0,1,*6/H5
271,Jeff Hoffman\hoffmje02,29,CIN,NL,1,0,0,0,0,0,0,0,0,0,0,0,0,,,,,,0,0,0,0,0,0,1
272,Rhys Hoskins\hoskirh01,29,PHI,NL,62,268,237,35,60,12,2,13,36,0,0,28,70,0.253,0.336,0.485,0.821,132,115,6,2,0,1,0,*3/H
273,Eric Hosmer*\hosmeer01,32,SDP,NL,58,240,218,21,62,12,0,4,29,0,0,21,38,0.284,0.346,0.394,0.74,117,86,5,0,0,1,4,*3/D
274,Sam Huff\huffsa01,24,TEX,AL,24,65,61,4,19,2,0,1,4,1,0,4,16,0.311,0.354,0.393,0.747,117,24,1,0,0,0,0,2/H3D
275,Brandon Hughes#\hughebr01,26,CHC,NL,1,0,0,0,0,0,0,0,0,0,0,0,0,,,,,,0,0,0,0,0,0,1
276,Cooper Hummel#\hummeco01,27,ARI,NL,41,120,101,10,18,4,2,2,9,2,0,19,38,0.178,0.308,0.317,0.625,80,32,2,0,0,0,0,H7D/29
277,Andy Ibáñez\ibanean01,29,TEX,AL,40,128,119,13,26,4,0,1,9,3,0,9,21,0.218,0.273,0.277,0.551,61,33,0,0,0,0,0,5/D34H
278,José Iglesias\iglesjo01,32,COL,NL,51,198,185,19,57,13,0,0,17,2,2,8,17,0.308,0.354,0.378,0.732,98,70,7,5,0,0,0,*6
279,Jonathan India\indiajo01,25,CIN,NL,13,55,52,5,15,3,0,0,5,0,1,1,13,0.288,0.327,0.346,0.673,81,18,1,2,0,0,0,4/H
280,Kyle Isbel*\isbelky01,25,KCR,AL,30,85,82,7,20,4,1,0,7,2,1,2,20,0.244,0.259,0.317,0.576,64,26,4,0,0,1,0,89/HD7
281,Alex Jackson\jacksal02,26,MIL,NL,5,12,12,0,3,0,0,0,0,0,0,0,7,0.25,0.25,0.25,0.5,42,3,0,0,0,0,0,/2H
282,Drew Jackson\jacksdr01,28,OAK,AL,3,3,3,0,0,0,0,0,0,0,0,0,1,0,0,0,0,-100,0,0,0,0,0,0,/957H
283,Travis Jankowski*\jankotr01,31,NYM,NL,33,48,43,11,9,0,0,0,2,3,0,5,7,0.209,0.292,0.209,0.501,48,9,0,0,0,0,0,7H8/9D
284,Danny Jansen\janseda01,27,TOR,AL,19,62,56,9,13,1,0,7,13,0,0,3,10,0.232,0.29,0.625,0.915,153,35,0,2,0,1,0,2/H
285,Ryan Jeffers\jeffery01,25,MIN,AL,44,156,138,16,25,6,0,4,16,0,0,17,47,0.181,0.271,0.312,0.583,70,43,2,0,1,0,0,2/DH
286,Eloy Jiménez\jimenel02,25,CHW,AL,11,39,36,2,8,1,0,1,7,0,0,2,10,0.222,0.256,0.333,0.59,68,12,0,0,0,1,0,/7D
287,Connor Joe\joeco01,29,COL,NL,59,267,233,32,60,10,3,5,15,3,2,32,52,0.258,0.352,0.391,0.743,100,91,6,2,0,0,0,D73/9H
288,Aaron Judge\judgeaa01,30,NYY,AL,60,264,230,53,72,10,0,25,49,3,0,29,66,0.313,0.384,0.683,1.067,201,157,8,0,0,4,5,*98/DH
289,Gosuke Katoh*\katohgo01,27,TOR,AL,8,11,7,2,1,1,0,0,0,0,0,3,1,0.143,0.4,0.286,0.686,101,2,0,0,1,0,0,/3H4D
290,Jarred Kelenic*\kelenja01,22,SEA,AL,30,96,86,10,12,2,1,3,10,4,2,9,36,0.14,0.219,0.291,0.509,49,25,1,0,0,1,0,9/HD87
291,Carson Kelly\kellyca02,27,ARI,NL,24,72,67,4,7,1,0,0,2,0,0,4,22,0.104,0.167,0.119,0.286,-16,8,2,1,0,0,0,2/HD1
292,Tony Kemp*\kempto01,30,OAK,AL,59,233,204,20,48,7,0,1,10,4,1,21,31,0.235,0.315,0.284,0.599,80,58,4,4,1,3,0,*4/7HD
293,Max Kepler*\keplema01,29,MIN,AL,55,217,185,24,45,9,1,6,28,2,1,26,33,0.243,0.341,0.4,0.741,116,74,6,3,0,3,0,*9/8HD
294,Kevin Kiermaier*\kiermke01,32,TBR,AL,53,178,169,25,38,6,0,7,17,5,1,8,52,0.225,0.264,0.385,0.649,91,65,2,1,0,0,0,*8/DH
295,Ha-Seong Kim\kimha01,26,SDP,NL,57,224,195,26,44,10,2,4,23,4,1,22,44,0.226,0.317,0.359,0.676,98,70,4,5,0,2,0,*65/H
296,Isiah Kiner-Falefa\kineris01,27,NYY,AL,58,216,197,32,54,10,0,0,17,9,2,15,34,0.274,0.324,0.325,0.649,89,64,6,1,0,3,2,*6
297,Scott Kingery\kingesc01,28,PHI,NL,1,0,0,0,0,0,0,0,0,0,0,0,0,,,,,,0,0,0,0,0,0,/4
298,Alex Kirilloff*\kirilal01,24,MIN,AL,10,32,29,2,5,0,0,0,0,0,0,1,12,0.172,0.226,0.172,0.398,19,5,0,1,0,0,0,/73D9
299,Alejandro Kirk\kirkal01,23,TOR,AL,54,192,167,26,52,10,0,5,20,0,0,22,19,0.311,0.391,0.461,0.852,143,77,6,1,0,2,1,2D/H
300,Andrew Knapp#\knappan01,30,PIT,NL,11,35,31,2,4,1,0,0,2,0,0,3,9,0.129,0.229,0.161,0.39,14,5,0,1,0,0,0,2/H
301,Andrew Knizner\kniznan01,27,STL,NL,36,114,101,7,20,3,0,1,11,0,0,10,27,0.198,0.283,0.257,0.541,59,26,2,2,1,0,0,2/H3D
302,Mark Kolozsvary\kolozma01,26,CIN,NL,6,11,11,0,1,1,0,0,1,0,0,0,5,0.091,0.091,0.182,0.273,-29,2,1,0,0,0,0,/2
303,Jason Krizan*\krizaja01,33,SFG,NL,3,10,8,0,1,0,0,0,0,0,0,2,3,0.125,0.3,0.125,0.425,27,1,0,0,0,0,0,/7
304,Joel Kuhnel\kuhnejo01,27,CIN,NL,1,0,0,0,0,0,0,0,0,0,0,0,0,,,,,,0,0,0,0,0,0,1
305,Steven Kwan*\kwanst01,24,CLE,AL,47,185,158,23,43,7,2,1,16,4,1,21,13,0.272,0.362,0.361,0.723,110,57,2,3,0,3,0,*79/H8
306,Tommy La Stella*\lasteto01,33,SFG,NL,20,72,67,7,16,6,0,2,8,0,0,3,10,0.239,0.264,0.418,0.682,89,28,2,0,0,2,0,D/H534
307,Juan Lagares\lagarju01,33,LAA,AL,16,50,48,2,10,2,0,0,0,0,0,2,13,0.208,0.24,0.25,0.49,42,12,0,0,0,0,0,/987H
308,Trevor Larnach*\larnatr01,25,MIN,AL,45,160,141,20,34,13,0,5,18,0,0,17,51,0.241,0.319,0.44,0.758,119,62,1,0,0,2,1,79/DH
309,Ramon Laureano\laurera01,27,OAK,AL,34,135,120,15,29,8,0,2,8,5,2,12,26,0.242,0.326,0.358,0.684,103,43,6,3,0,0,0,98/DH
310,Bryan Lavastida\lavasbr01,23,CLE,AL,6,15,12,0,1,0,0,0,0,0,0,3,4,0.083,0.267,0.083,0.35,8,1,0,0,0,0,0,/2
311,Khalil Lee*\leekh01,24,NYM,NL,2,2,2,1,1,0,0,1,3,0,0,0,0,0.5,0.5,2,2.5,576,4,0,0,0,0,0,/8
312,DJ LeMahieu\lemahdj01,33,NYY,AL,53,226,199,30,51,12,0,5,26,1,1,23,31,0.256,0.341,0.392,0.733,112,78,6,3,0,1,0,54/3DH
313,Kyle Lewis\lewisky01,26,SEA,AL,4,16,15,3,4,0,0,2,3,0,0,0,1,0.267,0.313,0.667,0.979,179,10,1,1,0,0,0,/D
314,Royce Lewis\lewisro02,23,MIN,AL,12,41,40,5,12,4,0,2,5,0,0,1,5,0.3,0.317,0.55,0.867,147,22,2,0,0,0,0,6/8
315,Francisco Lindor#\lindofr01,28,NYM,NL,63,280,244,40,59,9,2,9,45,8,2,27,56,0.242,0.321,0.406,0.727,108,99,3,4,0,5,1,*6/D
316,Tim Locastro\locasti01,29,NYY,AL,15,15,13,8,3,0,0,1,2,4,1,2,4,0.231,0.333,0.462,0.795,128,6,0,0,0,0,0,/H78D9
317,Evan Longoria\longoev01,36,SFG,NL,28,87,80,9,18,4,0,5,12,0,0,7,26,0.225,0.287,0.463,0.75,108,37,0,0,0,0,0,5/DH
318,Christian Lopes\lopesch01,29,OAK,AL,4,10,9,0,0,0,0,0,0,0,0,1,5,0,0.1,0,0.1,-67,0,0,0,0,0,0,/4HD79
319,Alejo Lopez#\lopezal03,26,CIN,NL,30,69,61,6,15,2,0,0,1,2,1,6,10,0.246,0.333,0.279,0.612,67,17,0,2,0,0,0,4H/D79
320,Jorge Lopez\lopezjo02,29,BAL,AL,2,0,0,0,0,0,0,0,0,0,0,0,0,,,,,,0,0,0,0,0,0,1
321,Nicky Lopez*\lopezni01,27,KCR,AL,59,209,187,20,40,7,0,0,5,4,0,16,29,0.214,0.286,0.251,0.538,56,47,1,3,3,0,0,46/H5D
322,Reynaldo Lopez\lopezre01,28,CHW,AL,1,0,0,0,0,0,0,0,0,0,0,0,0,,,,,,0,0,0,0,0,0,1
323,Brandon Lowe*\lowebr01,27,TBR,AL,32,133,118,20,25,5,2,5,12,1,0,12,34,0.212,0.293,0.415,0.708,109,49,1,2,0,1,0,4/DH9
324,Josh Lowe*\lowejo01,24,TBR,AL,19,71,64,9,12,3,2,1,6,1,0,6,27,0.188,0.257,0.344,0.601,78,22,1,0,1,0,1,/79D
325,Nathaniel Lowe*\lowena01,26,TEX,AL,57,228,214,24,59,8,1,8,24,1,1,14,57,0.276,0.32,0.435,0.755,116,93,4,0,0,0,1,*3/HD
326,Jed Lowrie#\lowrije01,38,OAK,AL,40,151,135,14,28,4,0,3,16,1,0,14,30,0.207,0.278,0.304,0.582,73,41,4,0,0,2,0,D/H43
327,Seth Lugo\lugose01,32,NYM,NL,1,0,0,0,0,0,0,0,0,0,0,0,0,,,,,,0,0,0,0,0,0,1
328,Jordan Luplow\luplojo01,28,ARI,NL,37,104,89,17,15,2,0,7,15,4,1,12,31,0.169,0.279,0.427,0.706,99,38,1,2,0,1,1,9H/8D75
329,Gavin Lux*\luxga01,24,LAD,NL,56,198,175,33,50,7,1,2,14,5,1,22,35,0.286,0.364,0.371,0.735,106,65,0,0,0,1,0,*47/6H
330,Daniel Lynch*\lynchda02,25,KCR,AL,1,0,0,0,0,0,0,0,0,0,0,0,0,,,,,,0,0,0,0,0,0,1
331,Manny Machado\machama01,29,SDP,NL,62,270,239,46,77,16,1,11,42,7,1,29,46,0.322,0.396,0.536,0.932,170,128,4,1,0,1,6,*5/DH
332,Nick Madrigal\madrini01,25,CHC,NL,31,115,108,8,24,3,0,0,2,1,0,5,17,0.222,0.263,0.25,0.513,45,27,4,1,1,0,0,4/H
333,Luke Maile\mailelu01,31,CLE,AL,19,56,47,8,10,5,0,0,5,0,0,7,14,0.213,0.304,0.319,0.623,80,15,1,0,0,2,0,2
334,Martin Maldonado\maldoma01,35,HOU,AL,46,160,144,18,23,6,0,5,16,0,0,11,48,0.16,0.228,0.306,0.533,53,44,2,2,2,1,0,*2
335,Trey Mancini\mancitr01,30,BAL,AL,58,249,217,25,63,9,1,6,25,0,0,24,47,0.29,0.373,0.424,0.797,130,92,2,6,0,2,1,D3/97
336,Tucupita Marcano*\marcatu01,22,PIT,NL,19,68,61,9,16,3,0,2,5,1,0,5,16,0.262,0.318,0.41,0.728,106,25,1,0,2,0,0,4/7H6
337,Manuel Margot\margoma01,27,TBR,AL,46,181,164,20,52,10,1,3,24,5,1,16,27,0.317,0.381,0.445,0.826,147,73,3,1,0,0,1,9D/78H
338,Jake Marisnick\marisja01,31,PIT,NL,22,52,49,5,8,2,0,0,1,1,1,2,13,0.163,0.196,0.204,0.4,15,10,2,0,1,0,0,7/89H
339,Brandon Marsh*\marshbr02,24,LAA,AL,56,206,186,24,47,6,0,6,30,3,2,14,68,0.253,0.307,0.382,0.689,98,71,0,2,1,3,1,*78/H9
340,Ketel Marte#\marteke01,28,ARI,NL,61,249,223,33,60,23,1,4,22,4,0,22,45,0.269,0.341,0.435,0.776,121,97,6,3,0,1,1,*4/HD
341,Starling Marte\martest01,33,NYM,NL,53,237,222,39,63,11,2,7,34,8,5,10,45,0.284,0.329,0.446,0.775,121,99,7,5,0,0,0,*9/8
342,Brett Martin*\martibr01,27,TEX,AL,1,0,0,0,0,0,0,0,0,0,0,0,0,,,,,,0,0,0,0,0,0,1
343,Richie Martin\martiri01,27,BAL,AL,4,14,12,4,4,0,2,0,2,0,0,2,3,0.333,0.429,0.667,1.095,210,8,0,0,0,0,0,/4DH6
344,J.D. Martinez\martijd02,34,BOS,AL,53,235,206,38,71,23,0,8,27,0,0,24,54,0.345,0.417,0.573,0.99,172,118,8,3,0,2,1,*D
345,Jorge Mateo\mateojo01,27,BAL,AL,57,207,195,18,41,9,2,4,15,16,3,8,68,0.21,0.245,0.338,0.584,66,66,3,1,2,0,0,*6/H
346,Mark Mathias\mathima01,27,MIL,NL,5,13,13,2,2,0,0,1,3,1,0,0,4,0.154,0.154,0.385,0.538,45,5,0,0,0,0,0,/4
347,J.J. Matijevic*\matijjj01,26,HOU,AL,3,6,6,0,0,0,0,0,0,0,0,0,3,0,0,0,0,-100,0,0,0,0,0,0,/H3D
348,Nick Maton*\matonni01,25,PHI,NL,2,7,6,2,3,0,1,1,4,0,0,1,1,0.5,0.571,1.333,1.905,425,8,0,0,0,0,0,/4
349,Jack Mayfield\mayfija01,31,LAA,AL,22,71,67,8,13,1,1,1,6,1,0,3,15,0.194,0.239,0.284,0.523,51,19,1,1,0,0,0,4/5H97D
350,Nomar Mazara*\mazarno01,27,SDP,NL,11,39,37,5,12,1,0,0,7,0,0,1,6,0.324,0.359,0.351,0.71,110,13,0,1,0,0,0,9/H
351,Patrick Mazeika*\mazeipa01,28,NYM,NL,16,48,45,3,8,3,0,1,4,0,0,2,6,0.178,0.213,0.311,0.524,49,14,0,0,1,0,0,2/3H
352,James McCann\mccanja02,32,NYM,NL,21,64,56,5,11,2,0,1,6,1,0,2,11,0.196,0.266,0.286,0.551,59,16,3,4,0,2,0,2
353,Jake McCarthy*\mccarja02,24,ARI,NL,31,86,79,16,18,3,1,3,9,1,0,5,30,0.228,0.282,0.405,0.687,94,32,1,1,1,0,0,9/8HD
354,Chas McCormick\mccorch01,27,HOU,AL,46,160,146,16,32,7,1,6,15,1,2,13,40,0.219,0.281,0.404,0.685,96,59,1,0,0,1,0,*87/9H
355,Andrew McCutchen\mccutan01,35,MIL,NL,50,218,199,21,46,7,0,4,25,5,2,15,48,0.231,0.289,0.327,0.616,73,65,7,2,0,2,0,D7/9H
356,Mickey McDonald#\mcdonmi01,27,OAK,AL,4,6,4,0,0,0,0,0,0,0,0,2,3,0,0.333,0,0.333,11,0,0,0,0,0,0,/H8D9
357,Reese McGuire*\mcguire01,27,CHW,AL,37,119,106,12,25,6,0,0,8,0,0,5,20,0.236,0.278,0.292,0.571,65,31,2,2,4,2,0,2/HD
358,Ryan McKenna\mckenry01,25,BAL,AL,42,65,58,7,13,4,0,0,3,0,0,4,24,0.224,0.292,0.293,0.585,70,17,1,2,0,1,1,H79/8D
359,Billy McKinney*\mckinbi01,27,OAK,AL,23,57,52,3,5,1,0,1,4,0,0,4,16,0.096,0.158,0.173,0.331,-2,9,0,0,0,1,1,9/3H7D
360,Zach McKinstry*\mckinza01,27,LAD,NL,4,5,5,1,1,0,0,1,2,0,0,0,2,0.2,0.2,0.8,1,161,4,0,0,0,0,0,/5D96
361,Ryan McMahon*\mcmahry01,27,COL,NL,62,252,220,27,51,12,2,4,32,0,2,28,70,0.232,0.325,0.359,0.684,85,79,0,3,0,1,0,*5/3
362,Jeff McNeil*\mcneije01,30,NYM,NL,60,232,213,29,69,15,1,4,31,2,0,15,27,0.324,0.375,0.46,0.835,139,98,2,3,0,1,0,47/H95D
363,Austin Meadows*\meadoau01,27,DET,AL,36,147,128,9,32,6,2,0,11,0,1,16,17,0.25,0.347,0.328,0.675,99,42,2,3,0,0,0,97/DH
364,Adonis Medina\medinad01,25,NYM,NL,1,0,0,0,0,0,0,0,0,0,0,0,0,,,,,,0,0,0,0,0,0,/1
365,Francisco Mejia#\mejiafr01,26,TBR,AL,32,101,99,10,20,6,0,2,13,0,0,1,27,0.202,0.208,0.323,0.531,56,32,3,0,0,1,0,2/HD3
366,MJ Melendez*\melenmj01,23,KCR,AL,38,146,129,14,32,6,1,6,16,0,1,17,33,0.248,0.336,0.45,0.785,123,58,1,0,0,0,1,2/D9H
367,Danny Mendick\mendida01,28,CHW,AL,26,87,80,18,23,4,1,3,14,1,0,5,17,0.288,0.337,0.475,0.812,130,38,1,1,1,0,0,6/457H
368,Oscar Mercado\mercaos01,27,CLE,AL,47,114,109,16,23,6,1,4,16,2,2,3,27,0.211,0.237,0.394,0.631,78,43,4,1,0,1,0,*9/7H8D
369,Whit Merrifield\merriwh01,33,KCR,AL,62,277,254,30,57,13,0,3,27,7,1,16,36,0.224,0.264,0.311,0.575,64,79,6,0,0,7,0,49/8D
370,Keynan Middleton\middlke01,28,ARI,NL,1,0,0,0,0,0,0,0,0,0,0,0,0,,,,,,0,0,0,0,0,0,/1
371,Brad Miller*\millebr02,32,TEX,AL,47,141,130,15,29,1,0,7,25,4,1,10,38,0.223,0.277,0.392,0.669,91,51,1,0,0,1,0,57H/D9
372,Owen Miller\milleow01,25,CLE,AL,52,211,186,31,49,17,0,4,31,0,0,16,41,0.263,0.318,0.419,0.737,111,78,2,2,0,7,1,34/DH5
373,Alec Mills\millsal02,30,CHC,NL,1,0,0,0,0,0,0,0,0,0,0,0,0,,,,,,0,0,0,0,0,0,/1
374,Wyatt Mills\millswy01,27,SEA,AL,1,0,0,0,0,0,0,0,0,0,0,0,0,,,,,,0,0,0,0,0,0,/1
375,Jose Miranda\miranjo01,24,MIN,AL,33,121,116,10,25,8,0,4,15,0,0,4,29,0.216,0.248,0.388,0.636,82,45,4,1,0,0,0,3/5DH
376,Calvin Mitchell*\mitchca01,23,PIT,NL,19,68,63,4,14,4,0,2,7,1,0,4,15,0.222,0.265,0.381,0.646,82,24,1,0,0,1,0,9/HD
377,Yadier Molina\molinya01,39,STL,NL,38,138,136,10,29,5,0,2,10,1,0,2,23,0.213,0.225,0.294,0.519,49,40,4,0,0,0,0,2/13
378,Yoan Moncada#\moncayo01,27,CHW,AL,28,112,105,8,19,3,0,3,12,0,0,6,31,0.181,0.232,0.295,0.527,51,31,1,1,0,0,1,5/H
379,Adalberto Mondesí#\mondera02,26,KCR,AL,15,54,50,3,7,0,0,0,3,5,0,4,20,0.14,0.204,0.14,0.344,1,7,2,0,0,0,0,6
380,Mickey Moniak*\moniami01,24,PHI,NL,9,29,25,2,4,0,0,0,1,0,0,3,11,0.16,0.25,0.16,0.41,21,4,0,0,1,0,0,/89H
381,Elehuris Montero\monteel01,23,COL,NL,4,13,13,0,2,0,0,0,0,0,0,0,5,0.154,0.154,0.154,0.308,-16,2,0,0,0,0,0,/D5H
382,Dylan Moore\mooredy01,29,SEA,AL,39,88,69,13,14,1,2,2,8,8,2,13,22,0.203,0.36,0.362,0.723,115,25,1,4,1,0,0,9H/67D5
383,Colin Moran*\moranco01,29,CIN,NL,37,117,100,8,21,3,0,4,22,0,0,14,27,0.21,0.299,0.36,0.659,76,36,3,0,0,3,0,35/HD
384,Christopher Morel\morelch01,23,CHC,NL,27,125,109,19,30,7,2,4,13,6,2,13,31,0.275,0.355,0.486,0.841,133,53,0,1,1,1,0,84/56H
385,Gabriel Moreno\morenga01,22,TOR,AL,3,12,11,1,4,0,0,0,2,0,0,1,1,0.364,0.417,0.364,0.78,127,4,1,0,0,0,0,/2
386,Dauri Moreta\moretda01,26,CIN,NL,1,0,0,0,0,0,0,0,0,0,0,0,0,,,,,,0,0,0,0,0,0,1
387,Taylor Motter\motteta01,32,CIN,NL,2,6,6,0,1,0,0,0,0,0,0,0,3,0.167,0.167,0.167,0.333,-10,1,0,0,0,0,0,/54
388,Ryan Mountcastle\mountry01,25,BAL,AL,52,220,206,27,55,10,0,12,33,2,0,11,56,0.267,0.305,0.49,0.795,125,101,9,1,0,2,1,3D
389,Mike Moustakas*\moustmi01,33,CIN,NL,43,165,142,17,30,6,0,3,13,2,0,17,34,0.211,0.315,0.317,0.632,70,45,4,5,0,1,0,5D/3H
390,Cedric Mullins*\mullice01,27,BAL,AL,63,280,255,33,62,15,1,6,25,12,3,17,50,0.243,0.302,0.38,0.683,96,97,3,5,1,1,1,*8/DH
391,Max Muncy*\muncyma01,31,LAD,NL,47,192,154,23,24,5,1,4,19,0,0,37,43,0.156,0.323,0.279,0.602,70,43,2,1,0,0,1,54/DH3
392,Yairo Munoz\munozya01,27,PHI,NL,2,4,3,0,0,0,0,0,0,0,0,1,2,0,0.25,0,0.25,-20,0,0,0,0,0,0,/4H
393,Sean Murphy\murphse01,27,OAK,AL,58,234,208,24,43,14,1,7,25,0,0,19,59,0.207,0.286,0.385,0.671,97,80,7,5,0,2,1,*2/DH
394,Tom Murphy\murphto04,31,SEA,AL,14,42,33,9,10,2,0,1,1,0,0,8,13,0.303,0.439,0.455,0.894,165,15,1,0,0,0,0,2/HD
395,Simon Muzziotti*\muzzisi01,23,PHI,NL,9,9,7,0,1,0,0,0,0,0,0,0,2,0.143,0.25,0.143,0.393,17,1,0,1,1,0,0,/8H
396,Wil Myers\myerswi01,31,SDP,NL,32,134,124,13,29,6,0,1,19,0,0,8,38,0.234,0.276,0.306,0.583,71,38,3,0,0,2,1,9/1
397,Tyler Naquin*\naquity01,31,CIN,NL,39,150,137,22,35,11,1,5,22,3,1,10,37,0.255,0.315,0.46,0.775,104,63,1,2,1,0,1,9D/H
398,Omar Narvaez*\narvaom01,30,MIL,NL,35,132,116,11,33,7,1,2,10,0,0,13,28,0.284,0.371,0.414,0.785,121,48,1,3,0,0,1,2/H
399,Josh Naylor*\naylojo01,25,CLE,AL,40,160,145,18,40,10,0,7,34,0,0,12,25,0.276,0.338,0.49,0.827,135,71,7,2,0,1,0,3/D9H
400,Kyle Nelson*\nelsoky01,25,ARI,NL,2,0,0,0,0,0,0,0,0,0,0,0,0,,,,,,0,0,0,0,0,0,1
401,Sheldon Neuse\neusesh01,27,OAK,AL,49,182,167,16,38,3,2,2,17,5,1,13,50,0.228,0.291,0.305,0.597,77,51,1,2,0,0,0,543/DH
402,Tyler Nevin\nevinty01,25,BAL,AL,28,104,89,13,18,1,0,2,11,0,0,11,25,0.202,0.298,0.281,0.579,69,25,4,2,0,2,0,5/3D79
403,Kevin Newman\newmake01,28,PIT,NL,14,52,48,4,12,4,1,0,8,1,1,4,7,0.25,0.308,0.375,0.683,94,18,2,0,0,0,0,6
404,Tomás Nido\nidoto01,28,NYM,NL,38,119,109,9,26,3,0,0,12,0,0,5,35,0.239,0.27,0.266,0.536,55,29,4,0,4,1,0,2
405,Brandon Nimmo*\nimmobr01,29,NYM,NL,56,244,206,36,56,10,5,4,21,0,1,27,42,0.272,0.372,0.427,0.799,130,88,4,7,2,2,0,*8
406,Austin Nola\nolaau01,32,SDP,NL,43,168,145,17,33,4,0,1,15,1,1,13,27,0.228,0.304,0.276,0.579,72,40,1,5,0,5,0,2/DH
407,Lars Nootbaar*\nootbla01,24,STL,NL,22,57,50,8,7,2,0,1,6,1,0,6,19,0.14,0.228,0.24,0.468,36,12,2,0,0,1,0,9/HD87
408,Dom Nunez*\nunezdo01,27,COL,NL,12,36,28,3,4,1,0,0,2,0,0,6,7,0.143,0.278,0.179,0.456,27,5,0,0,0,2,0,2
409,Ryan O'Hearn*\ohearry01,28,KCR,AL,28,55,50,4,10,0,0,1,6,0,0,4,17,0.2,0.255,0.26,0.515,48,13,1,0,0,1,0,H/3D9
410,Tyler O'Neill\oneilty01,27,STL,NL,42,172,154,18,34,5,1,3,27,5,2,13,53,0.221,0.273,0.325,0.598,73,50,7,0,0,5,0,7/D
411,Rougned Odor*\odorro01,28,BAL,AL,56,198,181,24,37,10,2,7,27,0,0,12,49,0.204,0.268,0.398,0.665,89,72,7,4,0,1,0,*4H
412,Shohei Ohtani*\ohtansh01,27,LAA,AL,62,266,239,42,62,13,1,13,37,7,5,24,67,0.259,0.335,0.485,0.82,133,116,4,3,0,0,4,*D1/H
413,Chris Okey\okeych01,27,CIN,NL,4,8,7,2,1,0,0,0,0,0,0,0,3,0.143,0.25,0.143,0.393,9,1,0,1,0,0,0,/2
414,Edward Olivares\olivaed02,26,KCR,AL,15,38,35,5,13,4,0,0,3,2,1,2,5,0.371,0.421,0.486,0.907,159,17,0,1,0,0,0,/9H7D
415,Matt Olson*\olsonma02,28,ATL,NL,64,285,246,26,61,24,0,8,31,0,0,37,67,0.248,0.347,0.443,0.79,117,109,6,1,0,1,3,*3
416,Rafael Ortega*\ortegra01,31,CHC,NL,53,169,144,17,38,8,0,2,8,4,4,22,35,0.264,0.357,0.361,0.718,103,52,3,0,1,2,0,8D9/H7
417,Chris Owings\owingch01,30,BAL,AL,26,68,56,6,6,2,0,0,0,1,0,10,24,0.107,0.254,0.143,0.397,19,8,3,1,1,0,0,4/6H571
418,Marcell Ozuna\ozunama01,31,ATL,NL,61,259,240,31,56,9,0,12,26,2,1,16,55,0.233,0.282,0.421,0.703,91,101,9,1,0,2,0,7D
419,Cristian Pache\pachecr01,23,OAK,AL,57,184,173,13,28,3,1,2,12,1,2,10,47,0.162,0.208,0.225,0.433,29,39,4,0,1,0,0,*8/H
420,Kevin Padlo\padloke01,25,SFG,NL,4,12,12,0,2,0,0,0,0,0,0,0,4,0.167,0.167,0.167,0.333,-5,2,1,0,0,0,0,/53
421,Jermaine Palacios\palacje01,25,MIN,AL,8,28,24,3,5,0,0,0,2,0,0,2,7,0.208,0.259,0.208,0.468,39,5,0,0,1,1,0,/6
422,Richie Palacios*\palacri01,25,CLE,AL,22,61,58,3,17,4,0,0,7,1,0,3,8,0.293,0.328,0.362,0.69,99,21,0,0,0,0,0,7/HD
423,Michael Papierski#\papiemi01,26,SFG,NL,5,10,9,1,0,0,0,0,0,0,0,1,4,0,0.1,0,0.1,-68,0,0,0,0,0,0,/23H
424,Isaac Paredes\paredis01,23,TBR,AL,26,79,71,11,14,3,0,5,12,0,0,7,12,0.197,0.266,0.451,0.717,109,32,2,0,0,1,0,54/H3
425,Hoy Park*\parkho01,26,PIT,NL,9,22,21,2,4,1,0,0,2,0,0,1,8,0.19,0.227,0.238,0.465,33,5,0,0,0,0,0,/64H95
426,Joel Payamps\payamjo01,28,KCR,AL,1,0,0,0,0,0,0,0,0,0,0,0,0,,,,,,0,0,0,0,0,0,1
427,Joc Pederson*\pederjo01,30,SFG,NL,53,177,156,27,42,5,0,13,33,2,2,16,38,0.269,0.345,0.551,0.896,148,86,4,3,0,2,0,*79/DH
428,Jeremy Pena\penaje02,24,HOU,AL,54,211,191,27,53,8,1,9,27,6,0,12,48,0.277,0.333,0.471,0.805,130,90,2,5,0,2,0,*6/H
429,David Peralta*\peralda01,34,ARI,NL,59,217,195,18,46,13,1,8,27,1,2,19,53,0.236,0.304,0.436,0.74,109,85,2,1,0,2,2,*7/HD
430,Geraldo Perdomo#\perdoge01,22,ARI,NL,57,192,165,20,37,4,2,2,14,1,1,24,45,0.224,0.33,0.309,0.639,85,51,2,2,1,0,0,*6/54H
431,Cionel Pérez\perezci01,26,BAL,AL,1,0,0,0,0,0,0,0,0,0,0,0,0,,,,,,0,0,0,0,0,0,1
432,Joe Perez\perezjo02,22,HOU,AL,1,1,1,0,0,0,0,0,0,0,0,0,1,0,0,0,0,-100,0,0,0,0,0,0,/5H
433,Michael Perez*\perezmi03,29,PIT,NL,21,65,60,2,6,0,0,2,5,1,0,5,18,0.1,0.169,0.2,0.369,5,12,2,0,0,0,0,2/H
434,Roberto Perez\perezro02,33,PIT,NL,21,69,60,8,14,2,0,2,8,0,0,9,25,0.233,0.333,0.367,0.7,100,22,1,0,0,0,0,2/H
435,Salvador Perez\perezsa02,32,KCR,AL,52,216,206,22,43,12,1,9,30,0,0,7,59,0.209,0.245,0.408,0.653,83,84,6,3,0,0,1,2D
436,Jace Peterson*\peterja01,32,MIL,NL,55,160,142,24,32,7,2,6,22,8,0,16,38,0.225,0.302,0.43,0.731,103,61,2,0,1,1,0,*5H/3479
437,Tommy Pham\phamth01,34,CIN,NL,55,234,200,37,50,9,0,8,25,5,0,31,57,0.25,0.346,0.415,0.761,103,83,9,0,0,3,0,*7/DH
438,Brett Phillips*\phillbr02,28,TBR,AL,46,137,123,14,21,4,0,4,10,6,0,10,57,0.171,0.237,0.301,0.538,60,37,0,1,2,1,0,*98/H1D7
439,Evan Phillips\phillev01,27,LAD,NL,1,1,0,0,0,0,0,0,0,0,0,1,0,,1,,,,0,0,0,0,0,0,1
440,Kevin Pillar\pillake01,33,LAD,NL,4,13,12,1,1,1,0,0,0,0,0,1,4,0.083,0.154,0.167,0.321,-11,2,1,0,0,0,0,/78
441,Manny Pina\pinama01,35,ATL,NL,5,17,14,1,2,0,0,0,2,0,0,1,1,0.143,0.235,0.143,0.378,8,2,0,1,0,1,0,/2
442,Chad Pinder\pindech01,30,OAK,AL,45,166,157,14,39,9,0,5,15,2,0,7,56,0.248,0.279,0.401,0.68,99,63,4,0,1,1,0,7/95DH1
443,Rene Pinto\pintore02,25,TBR,AL,7,22,22,1,4,0,0,1,3,0,0,0,10,0.182,0.182,0.318,0.5,46,7,1,0,0,0,0,/2
444,Stephen Piscotty\piscost01,31,OAK,AL,14,47,40,4,9,1,0,1,3,2,0,6,12,0.225,0.34,0.325,0.665,99,13,0,1,0,0,1,9
445,Kevin Plawecki\plaweke01,31,BOS,AL,24,75,64,6,9,1,0,1,4,0,0,7,15,0.141,0.243,0.203,0.446,26,13,1,2,1,1,0,2/1H
446,Nick Plummer*\plummni01,25,NYM,NL,12,24,23,3,4,1,0,2,5,0,0,0,8,0.174,0.208,0.478,0.687,90,11,1,1,0,0,0,/D79H
447,Jorge Polanco#\polanjo01,28,MIN,AL,58,250,216,28,53,10,0,7,33,3,2,32,55,0.245,0.34,0.389,0.729,113,84,1,0,0,2,0,*4/6D
448,AJ Pollock\polloaj01,34,CHW,AL,45,175,164,21,43,11,0,3,18,1,0,8,37,0.262,0.297,0.384,0.681,94,63,3,1,0,2,0,*7/98H
449,Sean Poppen\poppese01,28,ARI,NL,2,0,0,0,0,0,0,0,0,0,0,0,0,,,,,,0,0,0,0,0,0,1
450,Jurickson Profar#\profaju01,29,SDP,NL,63,273,237,42,60,16,2,7,34,4,0,34,43,0.253,0.348,0.426,0.774,126,101,6,1,0,1,0,*7/DH
451,Albert Pujols\pujolal01,42,STL,NL,35,124,105,11,22,4,0,4,16,1,1,13,20,0.21,0.315,0.362,0.676,96,38,4,4,0,2,0,D/H31
452,Roman Quinn#\quinnro01,29,PHI,NL,23,40,37,8,6,1,0,0,3,4,1,3,15,0.162,0.225,0.189,0.414,21,7,0,0,0,0,0,8/H79
453,Cal Raleigh#\raleica01,25,SEA,AL,35,115,103,11,18,3,0,7,17,0,0,11,36,0.175,0.252,0.408,0.66,91,42,1,0,0,1,0,2/H
454,Harold Ramirez\ramirha02,27,TBR,AL,49,159,147,19,42,7,0,2,19,2,2,8,18,0.286,0.327,0.374,0.701,110,55,1,2,0,2,0,DH3/97
455,Jose Ramirez#\ramirjo01,29,CLE,AL,58,254,218,40,67,19,4,16,62,11,3,34,17,0.307,0.402,0.651,1.053,198,142,3,1,0,1,5,*5D
456,Noe Ramirez\ramirno01,32,ARI,NL,1,0,0,0,0,0,0,0,0,0,0,0,0,,,,,,0,0,0,0,0,0,1
457,Heliot Ramos\ramoshe02,22,SFG,NL,7,14,13,2,2,0,0,0,0,0,0,1,3,0.154,0.214,0.154,0.368,7,2,1,0,0,0,0,/97H
458,J.T. Realmuto\realmjt01,31,PHI,NL,56,227,202,29,49,11,2,3,21,7,0,17,49,0.243,0.317,0.361,0.679,94,73,4,6,0,2,0,*2/H3D
459,Rob Refsnyder\refsnro01,31,BOS,AL,6,20,15,3,6,2,0,0,2,0,0,2,2,0.4,0.5,0.533,1.033,189,8,0,2,0,1,0,/98DH
460,Zach Reks*\reksza01,28,TEX,AL,13,29,29,3,8,1,0,0,3,0,1,0,9,0.276,0.276,0.31,0.586,70,9,0,0,0,0,0,7/H9
461,Anthony Rendon\rendoan01,32,LAA,AL,45,188,162,15,37,10,0,5,24,2,0,23,32,0.228,0.324,0.383,0.707,104,62,7,1,0,2,0,*5/H
462,Hunter Renfroe\renfrhu01,30,MIL,NL,47,187,171,24,42,7,0,10,20,0,1,12,47,0.246,0.294,0.462,0.756,109,79,5,1,0,3,0,*9/3D
463,Luis Rengifo#\rengilu01,25,LAA,AL,30,104,96,10,21,1,2,2,7,1,1,6,19,0.219,0.272,0.333,0.605,74,32,1,1,1,0,0,4/H97
464,Franmil Reyes\reyesfr01,26,CLE,AL,35,145,133,9,26,2,0,3,12,0,0,10,57,0.195,0.255,0.278,0.533,54,37,6,1,0,1,0,D/9H
465,Pablo Reyes\reyespa01,28,MIL,NL,4,15,14,1,4,0,0,0,0,0,0,1,2,0.286,0.333,0.286,0.619,77,4,0,0,0,0,0,/65
466,Victor Reyes#\reyesvi01,27,DET,AL,15,43,41,3,14,2,1,0,5,0,2,2,9,0.341,0.372,0.439,0.811,137,18,1,0,0,0,0,/89HD
467,Bryan Reynolds#\reynobr01,27,PIT,NL,59,249,222,28,57,8,2,11,21,3,3,24,58,0.257,0.333,0.459,0.793,124,102,7,2,0,1,1,*8/D
468,Matt Reynolds\reynoma03,31,TOT,NL,42,135,122,17,33,4,1,3,13,4,0,12,31,0.27,0.333,0.393,0.727,94,48,4,0,0,1,0,46/5H9138D
469,Matt Reynolds\reynoma03,31,NYM,NL,1,0,0,0,0,0,0,0,0,0,0,0,0,,,,,,0,0,0,0,0,0,/9
470,Matt Reynolds\reynoma03,31,CIN,NL,41,135,122,17,33,4,1,3,13,4,0,12,31,0.27,0.333,0.393,0.727,94,48,4,0,0,1,0,46/5H9138D
471,JT Riddle*\riddljt01,30,CIN,NL,2,4,4,0,1,0,0,0,0,0,0,0,1,0.25,0.25,0.25,0.5,35,1,0,0,0,0,0,/5H
472,Austin Riley\rileyau01,25,ATL,NL,63,278,251,37,65,13,1,18,39,2,0,20,76,0.259,0.331,0.534,0.865,134,134,3,7,0,0,1,*5
473,Edwin Rios*\riosed01,28,LAD,NL,27,92,86,12,21,1,0,7,17,0,1,5,36,0.244,0.293,0.5,0.793,116,43,2,1,0,0,1,D/H35
474,Alfonso Rivas*\rivasal01,25,CHC,NL,38,108,93,9,18,2,1,2,13,1,0,14,35,0.194,0.296,0.301,0.597,68,28,1,0,0,1,1,3/HD79
475,Emmanuel Rivera\riverem01,26,KCR,AL,39,132,123,14,26,4,3,4,16,0,0,8,29,0.211,0.265,0.39,0.655,85,48,5,1,0,0,0,5/HD3
476,Sebastian Rivero\riverse01,23,KCR,AL,3,8,7,0,0,0,0,0,0,0,0,1,4,0,0.125,0,0.125,-60,0,0,0,0,0,0,/2
477,Anthony Rizzo*\rizzoan01,32,NYY,AL,61,261,225,36,49,10,1,15,41,5,1,25,45,0.218,0.318,0.471,0.789,125,106,7,9,0,2,3,*3/HD
478,Luis Robert\roberlu01,24,CHW,AL,47,209,198,29,56,5,0,6,24,11,1,8,38,0.283,0.321,0.399,0.72,106,79,3,3,0,0,1,*8/D
479,David Robertson\roberda08,37,CHC,NL,1,0,0,0,0,0,0,0,0,0,0,0,0,,,,,,0,0,0,0,0,0,1
480,Kramer Robertson\roberkr01,27,STL,NL,2,1,1,0,0,0,0,0,1,0,0,0,0,0,0,0,0,-100,0,0,0,0,0,0,/HD6
481,Victor Robles\roblevi01,25,WSN,NL,54,170,149,23,35,7,0,1,19,6,0,9,45,0.235,0.299,0.302,0.601,76,45,1,5,6,1,0,*8/HD
482,Brendan Rodgers\rodgebr02,25,COL,NL,52,222,205,32,53,12,0,6,28,0,0,14,43,0.259,0.311,0.405,0.716,91,83,7,2,0,1,0,*4
483,Joely Rodriguez*\rodrijo06,30,NYM,NL,1,0,0,0,0,0,0,0,0,0,0,0,0,,,,,,0,0,0,0,0,0,1
484,Julio Rodriguez\rodriju01,21,SEA,AL,62,255,232,29,61,11,1,8,28,17,3,20,78,0.263,0.329,0.422,0.752,120,98,6,3,0,0,1,*8/H
485,Jose Rojas*\rojasjo02,29,LAA,AL,7,23,23,1,3,2,0,0,1,0,0,0,8,0.13,0.13,0.217,0.348,-2,5,0,0,0,0,0,/97H
486,Josh Rojas*\rojasjo01,28,ARI,NL,34,140,121,20,32,4,1,4,16,4,0,16,29,0.264,0.345,0.413,0.759,117,50,1,0,1,2,1,5/D
487,Miguel Rojas\rojasmi02,33,MIA,NL,53,196,179,18,40,6,1,5,16,2,1,13,20,0.223,0.286,0.352,0.638,81,63,4,3,0,1,1,*6/3H
488,Austin Romine\rominau01,33,LAA,AL,3,9,8,0,2,0,0,0,0,0,0,0,3,0.25,0.25,0.25,0.5,45,2,0,0,1,0,0,/2
489,Amed Rosario\rosaram01,26,CLE,AL,52,224,214,31,58,8,4,1,14,6,1,10,30,0.271,0.304,0.36,0.663,91,77,2,0,0,0,0,*6/7D
490,Eddie Rosario*\rosared01,30,ATL,NL,15,49,44,4,3,1,0,0,0,0,0,5,10,0.068,0.163,0.091,0.254,-27,4,0,0,0,0,0,9/7H
491,Darin Ruf\rufda01,35,SFG,NL,55,211,178,30,39,7,0,5,22,2,0,30,53,0.219,0.336,0.343,0.679,93,61,5,2,0,1,0,37DH/9
492,Keibert Ruiz#\ruizke01,23,WSN,NL,48,197,177,16,47,12,0,2,15,3,0,16,18,0.266,0.332,0.367,0.699,103,65,4,2,1,1,0,*2/H
493,Adley Rutschman#\rutscad01,24,BAL,AL,21,86,78,9,15,5,1,1,2,0,0,6,18,0.192,0.267,0.321,0.588,69,25,1,2,0,0,0,2/DH
494,Gary Sanchez\sanchga02,29,MIN,AL,49,197,179,19,39,15,0,7,28,1,0,12,54,0.218,0.279,0.419,0.698,101,75,4,4,0,2,0,2D/H3
495,Jesus Sanchez*\sanchje02,24,MIA,NL,55,202,189,25,42,7,3,8,23,1,0,10,58,0.222,0.267,0.418,0.685,92,79,5,2,0,1,0,*8/H
496,Reiver Sanmartin*\sanmare01,26,CIN,NL,1,2,2,0,0,0,0,0,0,0,0,0,1,0,0,0,0,-100,0,0,0,0,0,0,/1
497,Miguel Sano\sanomi01,29,MIN,AL,17,65,54,1,5,0,0,1,3,1,0,9,21,0.093,0.231,0.148,0.379,14,8,0,1,0,1,0,3/D
498,Carlos Santana#\santaca01,36,KCR,AL,45,183,152,13,29,7,0,3,13,0,0,31,25,0.191,0.328,0.296,0.624,81,45,1,0,0,0,1,3/DH
499,Anthony Santander#\santaan02,27,BAL,AL,59,249,214,28,51,6,0,11,33,0,2,28,49,0.238,0.337,0.421,0.758,117,90,4,5,0,2,1,*97/DH
500,Jonathan Schoop\schoojo01,30,DET,AL,61,238,226,17,43,10,1,5,18,1,0,9,49,0.19,0.227,0.31,0.537,55,70,4,2,0,1,0,*4/DH
501,Kyle Schwarber*\schwaky01,29,PHI,NL,61,265,222,41,46,10,0,16,34,3,0,40,80,0.207,0.332,0.468,0.801,126,104,6,2,0,1,2,*7/D
502,Frank Schwindel\schwifr01,30,CHC,NL,60,243,226,21,54,10,0,8,32,0,0,15,49,0.239,0.284,0.389,0.673,87,88,6,0,0,2,1,3D/H1
503,Corey Seager*\seageco01,28,TEX,AL,60,266,241,29,54,7,0,13,29,3,0,22,46,0.224,0.289,0.415,0.704,101,100,4,1,0,2,3,*6/D
504,Jean Segura\segurje01,32,PHI,NL,44,179,167,22,46,4,0,6,19,8,1,10,26,0.275,0.324,0.407,0.731,108,68,7,2,0,0,1,*4/H
505,Marcus Semien\semiema01,31,TEX,AL,61,272,246,31,55,10,1,6,25,11,1,22,46,0.224,0.287,0.346,0.632,83,85,2,1,0,3,0,*4/6
506,Nick Senzel\senzeni01,27,CIN,NL,37,150,133,16,28,4,0,1,8,2,2,9,28,0.211,0.269,0.263,0.532,44,35,3,2,0,1,0,8/HD
507,Brian Serven\servebr01,27,COL,NL,16,51,47,5,13,0,0,3,9,0,0,4,10,0.277,0.333,0.468,0.801,113,22,1,0,0,0,0,2/3
508,Anderson Severino*\severan01,27,CHW,AL,1,0,0,0,0,0,0,0,0,0,0,0,0,,,,,,0,0,0,0,0,0,/1
509,Paul Sewald\sewalpa01,32,SEA,AL,1,0,0,0,0,0,0,0,0,0,0,0,0,,,,,,0,0,0,0,0,0,1
510,Travis Shaw*\shawtr01,32,BOS,AL,7,19,19,0,0,0,0,0,0,0,0,0,7,0,0,0,0,-100,0,0,0,0,0,0,/3DH
511,Gavin Sheets*\sheetga01,26,CHW,AL,44,149,137,9,28,5,0,4,10,0,0,11,34,0.204,0.268,0.328,0.597,71,45,5,1,0,0,0,9D/3H7
512,Chasen Shreve*\shrevch01,31,NYM,NL,1,0,0,0,0,0,0,0,0,0,0,0,0,,,,,,0,0,0,0,0,0,1
513,Andrelton Simmons\simmoan01,32,CHC,NL,20,53,51,5,8,0,0,0,6,3,0,1,8,0.157,0.173,0.157,0.33,-6,8,5,0,1,0,0,6/4D1H
514,Jose Siri\sirijo01,26,HOU,AL,41,129,118,17,23,4,2,2,8,6,1,9,39,0.195,0.264,0.314,0.577,67,37,2,2,0,0,0,8/H9D
515,Austin Slater\slateau01,29,SFG,NL,43,104,85,16,20,1,2,3,13,2,0,17,31,0.235,0.365,0.4,0.765,117,34,0,1,0,1,0,8H9/7
516,Dominic Smith*\smithdo02,27,NYM,NL,39,101,86,7,16,4,1,0,14,0,0,9,24,0.186,0.287,0.256,0.543,58,22,0,4,0,2,0,3H/D
517,Josh Smith*\smithjo11,24,TEX,AL,5,17,12,2,5,1,0,0,0,1,0,2,1,0.417,0.588,0.5,1.088,221,6,0,3,0,0,0,/5
518,Kevin Smith\smithke05,25,OAK,AL,47,151,139,9,25,9,1,2,13,4,0,7,42,0.18,0.216,0.302,0.518,52,42,5,0,3,2,0,56/H
519,Pavin Smith*\smithpa04,26,ARI,NL,59,219,194,18,37,6,0,8,27,1,0,22,62,0.191,0.274,0.345,0.619,76,67,1,1,0,2,1,9D/3H
520,Will Smith\smithwi05,27,LAD,NL,50,201,172,25,42,7,0,8,29,0,0,27,32,0.244,0.348,0.424,0.773,114,73,4,1,0,1,1,*2/DH
521,Canaan Smith-Njigba*\smithca05,23,PIT,NL,3,7,5,1,1,1,0,0,0,0,0,1,0,0.2,0.429,0.4,0.829,139,2,0,1,0,0,0,/7H
522,Collin Snider\snideco01,26,KCR,AL,2,0,0,0,0,0,0,0,0,0,0,0,0,,,,,,0,0,0,0,0,0,1
523,Nick Solak\solakni01,27,TEX,AL,26,75,67,11,14,1,0,2,3,3,1,5,17,0.209,0.293,0.313,0.607,76,21,1,3,0,0,0,7/DH
524,Jorge Soler\solerjo01,30,MIA,NL,57,246,217,29,47,12,0,12,29,0,2,25,70,0.217,0.306,0.438,0.744,109,95,7,3,0,0,1,*7D/H
525,Edmundo Sosa\sosaed01,26,STL,NL,35,90,85,11,16,2,1,0,4,1,1,2,23,0.188,0.233,0.235,0.469,37,20,2,3,0,0,0,6H/5D4
526,Juan Soto*\sotoju01,23,WSN,NL,63,278,224,36,51,12,0,13,28,5,1,52,43,0.228,0.378,0.455,0.833,141,102,5,2,0,0,1,*9
527,Steven Souza Jr.\souzast01,33,SEA,AL,6,19,19,0,3,0,0,0,1,0,0,0,8,0.158,0.158,0.158,0.316,-6,3,2,0,0,0,0,/9D
528,George Springer\springe01,32,TOR,AL,58,248,218,39,59,11,2,12,33,4,1,20,51,0.271,0.34,0.505,0.845,138,110,2,5,0,4,1,8D9/H
529,Jacob Stallings\stallja01,32,MIA,NL,51,162,147,15,30,4,0,2,21,0,1,13,40,0.204,0.272,0.272,0.544,56,40,7,1,0,1,0,*2/H
530,Giancarlo Stanton\stantmi03,32,NYY,AL,50,205,179,21,48,5,0,13,40,0,0,23,55,0.268,0.346,0.514,0.86,145,92,2,0,0,3,2,9D/H
531,Max Stassi\stassma01,31,LAA,AL,36,136,118,14,28,5,0,4,12,0,0,18,40,0.237,0.338,0.381,0.72,108,45,4,0,0,0,0,2/H
532,Josh Staumont\staumjo01,28,KCR,AL,2,0,0,0,0,0,0,0,0,0,0,0,0,,,,,,0,0,0,0,0,0,1
533,Drew Steckenrider\steckdr01,31,SEA,AL,1,0,0,0,0,0,0,0,0,0,0,0,0,,,,,,0,0,0,0,0,0,1
534,Tyler Stephenson\stephty01,25,CIN,NL,42,155,141,21,43,8,0,5,31,1,0,11,41,0.305,0.361,0.468,0.829,120,66,3,2,0,1,0,2/DH3
535,DJ Stewart*\stewadj01,28,BAL,AL,3,3,3,0,0,0,0,0,0,0,0,0,2,0,0,0,0,-100,0,0,0,0,0,0,/H
536,Trevor Story\storytr01,29,BOS,AL,56,246,215,32,48,14,0,9,42,8,0,25,76,0.223,0.309,0.414,0.723,99,89,6,3,0,3,2,*4
537,Bryson Stott*\stottbr01,24,PHI,NL,37,127,118,16,21,3,0,4,18,1,0,9,33,0.178,0.236,0.305,0.541,54,36,0,0,0,0,0,64/H5
538,Kyle Stowers*\stoweky01,24,BAL,AL,2,8,7,0,1,1,0,0,1,0,0,0,4,0.143,0.25,0.286,0.536,54,2,0,1,0,0,0,/7
539,Dee Strange-Gordon*\gordode01,34,WSN,NL,22,59,59,6,18,1,1,0,2,3,2,0,8,0.305,0.305,0.356,0.661,92,21,1,0,0,0,0,6/87HD1
540,Myles Straw\strawmy01,27,CLE,AL,58,249,217,40,46,9,1,0,7,11,1,30,37,0.212,0.305,0.263,0.568,67,57,0,0,0,2,0,*8/H
541,Garrett Stubbs*\stubbga01,29,PHI,NL,14,43,38,6,13,3,1,3,9,1,0,4,7,0.342,0.405,0.711,1.115,212,27,1,0,1,0,0,2/1
542,Eugenio Suarez\suareeu01,30,SEA,AL,62,263,228,32,53,12,1,12,34,0,0,29,87,0.232,0.327,0.452,0.779,127,103,5,4,0,2,0,*5D/H
543,Jack Suwinski*\suwinja01,23,PIT,NL,44,151,139,18,29,5,0,8,16,2,0,10,47,0.209,0.272,0.417,0.689,93,58,2,2,0,0,0,97/8HD
544,Kurt Suzuki\suzukku01,38,LAA,AL,21,71,61,6,12,2,0,1,6,0,0,9,14,0.197,0.31,0.279,0.589,72,17,3,1,0,0,0,2/H3
545,Seiya Suzuki\suzukse01,27,CHC,NL,41,163,139,20,34,12,1,4,21,3,2,21,49,0.245,0.344,0.432,0.775,116,60,3,1,0,2,2,9/HD
546,Travis Swaggerty*\swaggtr01,24,PIT,NL,5,9,9,0,1,0,0,0,0,0,0,0,4,0.111,0.111,0.111,0.222,-36,1,0,0,0,0,0,/7H8D
547,Dansby Swanson\swansda01,28,ATL,NL,64,260,234,39,69,12,1,9,37,9,2,23,70,0.295,0.362,0.47,0.832,128,110,3,2,0,1,0,*6
548,Raimel Tapia*\tapiara01,28,TOR,AL,54,181,171,21,43,10,0,2,17,3,1,7,35,0.251,0.279,0.345,0.624,78,59,6,0,1,1,0,*798/HD
549,Leody Taveras#\taverle01,23,TEX,AL,3,10,9,1,1,0,0,0,0,0,0,1,5,0.111,0.2,0.111,0.311,-6,1,0,0,0,0,0,/8
550,Chris Taylor\tayloch03,31,LAD,NL,58,225,197,25,50,15,3,6,25,4,1,25,76,0.254,0.338,0.452,0.79,117,89,3,1,0,2,2,*7/89HD
551,Michael A. Taylor\taylomi02,31,KCR,AL,44,158,136,19,37,3,1,4,17,1,1,19,32,0.272,0.361,0.397,0.758,117,54,3,1,0,2,0,*8/H
552,Tyrone Taylor\tayloty01,28,MIL,NL,47,177,165,15,37,10,1,6,25,1,1,9,36,0.224,0.271,0.406,0.677,88,67,4,2,0,1,0,*89/7HD
553,Rowdy Tellez*\tellero01,27,MIL,NL,60,231,210,21,52,14,0,10,38,0,0,17,50,0.248,0.312,0.457,0.769,113,96,6,3,0,1,2,*3/DH
554,Alek Thomas*\thomaal01,22,ARI,NL,35,132,119,20,32,6,0,5,14,3,0,10,24,0.269,0.333,0.445,0.779,121,53,1,2,0,1,0,8
555,Dillon Thomas*\thomadi01,29,LAA,AL,1,4,2,1,0,0,0,0,0,0,0,1,1,0,0.5,0,0.5,62,0,0,1,0,0,0,/79
556,Lane Thomas\thomala02,26,WSN,NL,55,193,172,25,41,8,1,7,26,1,0,17,50,0.238,0.306,0.419,0.724,108,72,1,1,0,3,0,*78/9HD
557,Trayce Thompson\thomptr01,31,SDP,NL,6,16,14,1,1,0,0,0,2,0,1,2,7,0.071,0.188,0.071,0.259,-20,1,0,0,0,0,0,/9H7
558,Ka'ai Tom*\tomka01,28,SFG,NL,1,1,1,0,0,0,0,0,0,0,0,0,0,0,0,0,0,-100,0,0,0,0,0,0,/H9
559,Spencer Torkelson\torkesp01,22,DET,AL,56,199,174,13,31,7,0,4,13,0,1,22,54,0.178,0.276,0.287,0.564,66,50,7,2,0,1,0,*3/H
560,Abraham Toro#\toroab01,25,SEA,AL,52,186,173,20,29,7,1,6,17,0,0,10,28,0.168,0.215,0.324,0.539,56,56,2,1,0,2,1,4D5/H3
561,Luis Torrens\torrelu01,26,SEA,AL,32,104,95,8,21,2,0,0,8,0,0,7,33,0.221,0.279,0.242,0.521,56,23,4,1,0,1,0,2/DH4
562,Gleyber Torres\torregl01,25,NYY,AL,56,209,192,24,48,8,1,12,28,1,2,13,36,0.25,0.298,0.49,0.788,123,94,5,1,1,2,1,*4/HD6
563,Taylor Trammell*\trammta01,24,SEA,AL,20,58,49,9,12,7,0,2,6,1,1,7,13,0.245,0.333,0.51,0.844,145,25,0,0,1,1,0,9/8DH
564,Alan Trejo\trejoal01,26,COL,NL,10,36,35,6,9,1,0,1,6,0,0,1,8,0.257,0.278,0.371,0.649,73,13,1,0,0,0,0,/46H
565,Jose Trevino\trevijo01,29,NYY,AL,40,107,100,16,30,2,1,5,18,1,0,7,14,0.3,0.346,0.49,0.836,139,49,1,0,0,0,0,2/H
566,Mike Trout\troutmi01,30,LAA,AL,56,230,197,42,57,15,1,16,34,0,0,29,62,0.289,0.391,0.619,1.011,186,122,2,4,0,0,2,*8/DH
567,Yoshi Tsutsugo*\tsutsyo01,30,PIT,NL,35,135,113,8,20,3,0,2,15,0,0,18,31,0.177,0.281,0.257,0.538,55,29,3,0,0,4,0,3/DH
568,Cole Tucker#\tuckeco01,25,PIT,NL,18,63,63,3,11,1,1,0,2,1,0,0,25,0.175,0.175,0.222,0.397,12,14,1,0,0,0,0,9/46H
569,Kyle Tucker*\tuckeky01,25,HOU,AL,58,236,204,24,53,9,0,12,39,11,1,31,41,0.26,0.356,0.48,0.836,140,98,4,0,0,1,1,*9/H
570,Justin Turner\turneju01,37,LAD,NL,58,238,213,25,45,16,0,4,32,0,0,21,43,0.211,0.282,0.343,0.624,73,73,7,1,0,3,0,5D/H
571,Trea Turner\turnetr01,29,LAD,NL,62,268,242,32,72,14,2,8,47,13,2,21,48,0.298,0.352,0.471,0.823,127,114,4,1,0,3,1,*6
572,Luis Urias\uriaslu01,25,MIL,NL,36,152,132,19,28,1,0,6,15,0,1,16,34,0.212,0.309,0.356,0.665,87,47,3,3,0,1,0,65/4
573,Ramon Urias\uriasra01,28,BAL,AL,49,188,173,22,39,10,0,6,18,0,0,11,48,0.225,0.273,0.387,0.66,88,67,2,1,1,2,0,5/46HD
574,Gio Urshela\urshegi01,30,MIN,AL,58,216,195,23,51,8,0,5,24,0,0,17,32,0.262,0.315,0.379,0.694,102,74,12,0,0,4,0,*5/D
575,Josh VanMeter*\vanmejo01,27,PIT,NL,35,107,98,10,21,1,2,3,9,2,0,9,26,0.214,0.28,0.357,0.638,81,35,1,0,0,0,0,4/H3219
576,Ildemaro Vargas#\vargail01,30,CHC,NL,10,26,23,4,3,0,1,1,4,0,0,3,2,0.13,0.231,0.348,0.579,60,8,1,0,0,0,0,/64H
577,Daulton Varsho*\varshda01,25,ARI,NL,59,241,215,30,53,13,0,9,28,4,3,18,59,0.247,0.313,0.433,0.745,111,93,2,4,1,3,0,28D/H9
578,Andrew Vaughn\vaughan01,24,CHW,AL,44,184,165,18,52,10,0,6,29,0,0,13,31,0.315,0.37,0.485,0.854,143,80,2,3,0,3,0,97/D3H4
579,Christian Vazquez\vazquch01,31,BOS,AL,47,172,159,13,43,10,0,2,24,1,1,9,31,0.27,0.314,0.371,0.685,90,59,2,2,0,2,0,*2/3H
580,Andrew Velazquez#\velazan01,27,LAA,AL,56,185,171,18,29,5,0,4,16,8,0,8,57,0.17,0.217,0.269,0.486,40,46,3,3,1,2,0,*6/H
581,Nelson Velázquez\velazne01,23,CHC,NL,2,7,7,0,2,0,0,0,0,0,0,0,2,0.286,0.286,0.286,0.571,61,2,0,0,0,0,0,/9
582,Alex Verdugo*\verdual01,26,BOS,AL,58,242,223,26,56,14,0,4,33,0,1,14,25,0.251,0.293,0.368,0.661,83,82,6,1,0,4,2,*7
583,Matt Vierling\vierlma01,25,PHI,NL,30,68,61,8,13,2,0,1,5,2,2,5,16,0.213,0.279,0.295,0.574,65,18,4,1,0,1,0,8/7H9345
584,Jonathan Villar#\villajo01,31,CHC,NL,38,139,129,14,28,5,0,2,13,5,0,8,37,0.217,0.259,0.302,0.561,57,39,1,0,0,2,0,45/H6D
585,Daniel Vogelbach*\vogelda01,29,PIT,NL,46,173,154,16,33,5,1,7,17,0,0,18,44,0.214,0.295,0.396,0.691,95,61,6,0,0,1,1,*D/H3
586,Stephen Vogt*\vogtst01,37,OAK,AL,12,35,30,7,5,0,0,3,3,0,0,4,10,0.167,0.286,0.467,0.752,118,14,1,1,0,0,0,/D32H
587,Luke Voit\voitlu01,31,SDP,NL,45,192,169,24,40,9,0,8,28,1,0,20,63,0.237,0.318,0.432,0.75,117,73,4,1,0,2,1,D/3H
588,Jason Vosler*\vosleja01,28,SFG,NL,17,58,51,9,15,2,0,4,8,1,1,6,15,0.294,0.362,0.569,0.931,158,29,1,0,0,1,1,5/3H
589,Joey Votto*\vottojo01,38,CIN,NL,47,193,160,18,33,10,1,5,22,0,0,27,47,0.206,0.342,0.375,0.717,92,60,2,6,0,0,0,3/D
590,LaMonte Wade Jr.*\wadela01,28,SFG,NL,10,32,25,4,6,0,0,1,5,0,0,5,5,0.24,0.375,0.36,0.735,110,9,0,1,0,1,0,/97H3D
591,Tyler Wade*\wadety01,27,LAA,AL,52,136,123,16,26,5,0,1,8,6,5,7,30,0.211,0.26,0.276,0.536,55,34,3,1,5,0,0,46/H7598D
592,Christian Walker\walkech02,31,ARI,NL,63,255,224,28,45,10,1,16,33,0,2,28,53,0.201,0.298,0.469,0.767,116,105,4,3,0,0,1,*3/D
593,Steele Walker*\walkest01,25,TEX,AL,5,16,14,1,1,0,0,1,1,0,0,2,4,0.071,0.188,0.286,0.473,35,4,0,0,0,0,0,/7H9
594,Chad Wallach\wallach01,30,LAA,AL,10,36,32,3,5,1,0,1,4,0,0,3,7,0.156,0.229,0.281,0.51,46,9,1,0,1,0,0,2
595,Taylor Walls#\wallsta01,25,TBR,AL,52,174,155,16,23,5,1,3,8,5,1,18,46,0.148,0.241,0.252,0.493,48,39,4,1,0,0,0,654/HD
596,Jared Walsh*\walshja01,28,LAA,AL,61,242,226,28,57,11,1,11,36,1,1,13,72,0.252,0.302,0.456,0.757,115,103,4,3,0,0,2,*3/H7
597,Donovan Walton*\waltodo01,28,TOT,MLB,17,58,56,8,9,7,0,1,8,0,0,1,11,0.161,0.19,0.339,0.529,46,19,0,1,0,0,0,4/6H51
598,Donovan Walton*\waltodo01,28,SEA,AL,1,0,0,1,0,0,0,0,0,0,0,0,0,,,,,,0,0,0,0,0,0,/5H
599,Donovan Walton*\waltodo01,28,SFG,NL,16,58,56,7,9,7,0,1,8,0,0,1,11,0.161,0.19,0.339,0.529,46,19,0,1,0,0,0,4/61H
600,Taylor Ward\wardta01,28,LAA,AL,40,166,140,30,44,7,2,10,26,1,2,26,38,0.314,0.422,0.607,1.029,193,85,1,0,0,0,0,9/HD
601,J.B. Wendelken\wendejb01,29,ARI,NL,1,0,0,0,0,0,0,0,0,0,0,0,0,,,,,,0,0,0,0,0,0,1
602,Joey Wendle*\wendljo01,32,MIA,NL,29,97,88,12,25,6,0,2,11,4,0,7,11,0.284,0.34,0.42,0.761,116,37,0,1,0,1,0,5/6H4
603,Eli White\whiteel04,28,TEX,AL,47,117,105,16,21,2,0,3,10,12,1,11,41,0.2,0.274,0.305,0.578,68,32,0,0,0,1,0,*87/HD9
604,Aaron Whitefield\whiteaa01,25,LAA,AL,5,11,11,0,0,0,0,0,0,0,0,0,5,0,0,0,0,-100,0,0,0,0,0,0,/987H
605,Luke Williams\willilu01,25,TOT,NL,19,30,27,6,7,2,0,0,4,2,1,3,6,0.259,0.333,0.333,0.667,91,9,0,0,0,0,0,5/7H4D
606,Luke Williams\willilu01,25,SFG,NL,8,12,12,1,3,1,0,0,3,0,0,0,4,0.25,0.25,0.333,0.583,63,4,0,0,0,0,0,/5H7
607,Luke Williams\willilu01,25,MIA,NL,11,18,15,5,4,1,0,0,1,2,1,3,2,0.267,0.389,0.333,0.722,109,5,0,0,0,0,0,/7H54D
608,Trevor Williams\willitr01,30,NYM,NL,2,0,0,0,0,0,0,0,0,0,0,0,0,,,,,,0,0,0,0,0,0,1
609,Jesse Winker*\winkeje01,28,SEA,AL,61,264,224,19,48,9,0,4,24,0,0,38,46,0.214,0.326,0.308,0.634,89,69,4,0,0,2,1,*7/DH
610,Patrick Wisdom\wisdopa01,30,CHC,NL,59,236,209,32,47,13,0,12,31,2,3,24,82,0.225,0.309,0.459,0.769,112,96,5,2,0,1,1,*5/37H89
611,Bobby Witt\wittbo02,22,KCR,AL,60,246,228,35,56,15,4,8,32,10,2,12,59,0.246,0.289,0.452,0.74,108,103,5,3,0,3,0,65/H
612,Connor Wong\wongco01,26,BOS,AL,2,7,6,0,1,0,0,0,1,0,0,0,1,0.167,0.143,0.167,0.31,-14,1,0,0,0,1,0,/2
613,Kolten Wong*\wongko01,31,MIL,NL,52,209,180,26,41,8,3,5,17,8,3,21,34,0.228,0.321,0.389,0.709,99,70,2,5,0,3,0,*4/H6
614,Austin Wynns\wynnsau01,31,SFG,NL,5,16,15,1,5,1,0,0,1,0,0,1,2,0.333,0.375,0.4,0.775,120,6,0,0,0,0,0,/2D
615,Mike Yastrzemski*\yastrmi01,31,SFG,NL,53,210,175,31,47,15,0,6,22,0,1,29,43,0.269,0.376,0.457,0.833,135,80,2,3,0,3,0,*89/HD
616,Christian Yelich*\yelicch01,30,MIL,NL,61,263,231,38,56,9,2,6,22,9,0,28,65,0.242,0.327,0.377,0.704,98,87,5,2,0,2,1,*7D/H
617,Juan Yepez\yepezju01,24,STL,NL,37,139,125,17,34,6,0,5,13,0,0,11,29,0.272,0.331,0.44,0.771,122,55,0,1,0,2,0,7/93DH
618,Seby Zavala\zavalse01,28,CHW,AL,3,10,9,1,2,0,0,1,4,0,0,0,3,0.222,0.2,0.556,0.756,107,5,0,0,0,1,0,/2HD
619,Bradley Zimmer*\zimmebr01,29,TOR,AL,44,70,61,6,6,3,0,1,1,1,1,5,29,0.098,0.203,0.197,0.4,15,12,0,3,1,0,0,*8/H9D
620,Mike Zunino\zuninmi01,31,TBR,AL,36,123,115,7,17,3,0,5,16,0,0,6,46,0.148,0.195,0.304,0.499,47,35,2,1,0,1,0,2/H